Date,Tempreature,Dp,Humidity,Pressure
2018-01-01 00:20:00,43 F,41 F,93 %,29.75 in
2018-01-01 00:50:00,43 F,39 F,87 %,29.75 in
2018-01-01 01:20:00,45 F,39 F,81 %,29.75 in
2018-01-01 01:50:00,45 F,39 F,81 %,29.75 in
2018-01-01 02:20:00,45 F,41 F,87 %,29.75 in
2018-01-01 03:50:00,45 F,41 F,87 %,29.75 in
2018-01-01 04:20:00,45 F,41 F,87 %,29.75 in
2018-01-01 04:50:00,45 F,41 F,87 %,29.75 in
2018-01-01 05:20:00,45 F,41 F,87 %,29.75 in
2018-01-01 05:50:00,45 F,39 F,81 %,29.72 in
2018-01-01 06:20:00,43 F,39 F,87 %,29.75 in
2018-01-01 06:50:00,41 F,37 F,87 %,29.72 in
2018-01-01 07:20:00,39 F,37 F,93 %,29.72 in
2018-01-01 07:50:00,41 F,37 F,87 %,29.72 in
2018-01-01 08:20:00,41 F,39 F,93 %,29.72 in
2018-01-01 08:50:00,43 F,39 F,87 %,29.72 in
2018-01-01 09:20:00,45 F,39 F,81 %,29.75 in
2018-01-01 09:50:00,45 F,37 F,76 %,29.75 in
2018-01-01 10:20:00,46 F,39 F,76 %,29.75 in
2018-01-01 10:50:00,46 F,39 F,76 %,29.75 in
2018-01-01 11:20:00,50 F,39 F,66 %,29.72 in
2018-01-01 11:50:00,50 F,37 F,62 %,29.72 in
2018-01-01 12:20:00,50 F,37 F,62 %,29.72 in
2018-01-01 12:50:00,50 F,37 F,62 %,29.70 in
2018-01-01 13:20:00,52 F,37 F,58 %,29.70 in
2018-01-01 13:50:00,52 F,37 F,58 %,29.70 in
2018-01-01 14:20:00,52 F,39 F,62 %,29.70 in
2018-01-01 14:50:00,52 F,37 F,58 %,29.67 in
2018-01-01 15:20:00,52 F,37 F,58 %,29.70 in
2018-01-01 15:50:00,52 F,37 F,58 %,29.70 in
2018-01-01 16:20:00,52 F,36 F,54 %,29.67 in
2018-01-01 16:50:00,50 F,36 F,58 %,29.67 in
2018-01-01 17:20:00,48 F,39 F,71 %,29.67 in
2018-01-01 17:50:00,48 F,37 F,66 %,29.67 in
2018-01-01 18:20:00,48 F,39 F,71 %,29.67 in
2018-01-01 18:50:00,46 F,37 F,71 %,29.67 in
2018-01-01 19:20:00,45 F,37 F,76 %,29.67 in
2018-01-01 19:50:00,45 F,39 F,81 %,29.64 in
2018-01-01 20:20:00,45 F,37 F,76 %,29.64 in
2018-01-01 20:50:00,45 F,37 F,76 %,29.64 in
2018-01-01 21:20:00,45 F,37 F,76 %,29.64 in
2018-01-01 21:50:00,45 F,37 F,76 %,29.64 in
2018-01-01 22:20:00,45 F,37 F,76 %,29.61 in
2018-01-01 22:50:00,45 F,37 F,76 %,29.61 in
2018-01-01 23:20:00,45 F,36 F,71 %,29.61 in
2018-01-01 23:50:00,45 F,36 F,71 %,29.61 in
2018-02-01 00:20:00,43 F,37 F,81 %,29.61 in
2018-02-01 00:50:00,45 F,36 F,71 %,29.61 in
2018-02-01 01:20:00,45 F,36 F,71 %,29.61 in
2018-02-01 01:50:00,43 F,36 F,76 %,29.58 in
2018-02-01 02:20:00,43 F,36 F,76 %,29.58 in
2018-02-01 03:50:00,41 F,36 F,81 %,29.58 in
2018-02-01 04:20:00,41 F,36 F,81 %,29.58 in
2018-02-01 04:50:00,43 F,36 F,76 %,29.58 in
2018-02-01 05:20:00,41 F,36 F,81 %,29.55 in
2018-02-01 05:50:00,41 F,36 F,81 %,29.55 in
2018-02-01 06:20:00,43 F,36 F,76 %,29.52 in
2018-02-01 06:50:00,43 F,34 F,70 %,29.52 in
2018-02-01 07:20:00,43 F,36 F,76 %,29.52 in
2018-02-01 07:50:00,45 F,36 F,71 %,29.52 in
2018-02-01 08:20:00,43 F,34 F,70 %,29.52 in
2018-02-01 08:50:00,43 F,37 F,81 %,29.52 in
2018-02-01 09:20:00,45 F,37 F,76 %,29.52 in
2018-02-01 09:50:00,46 F,37 F,71 %,29.52 in
2018-02-01 10:20:00,50 F,39 F,66 %,29.52 in
2018-02-01 10:50:00,52 F,37 F,58 %,29.52 in
2018-02-01 11:20:00,54 F,37 F,54 %,29.49 in
2018-02-01 11:50:00,55 F,39 F,54 %,29.49 in
2018-02-01 12:20:00,55 F,39 F,54 %,29.49 in
2018-02-01 12:50:00,55 F,37 F,51 %,29.49 in
2018-02-01 13:20:00,55 F,39 F,54 %,29.46 in
2018-02-01 13:50:00,59 F,39 F,48 %,29.46 in
2018-02-01 14:20:00,59 F,37 F,45 %,29.43 in
2018-02-01 14:50:00,59 F,39 F,48 %,29.46 in
2018-02-01 15:20:00,57 F,41 F,55 %,29.46 in
2018-02-01 15:50:00,57 F,43 F,59 %,29.46 in
2018-02-01 16:20:00,57 F,43 F,59 %,29.46 in
2018-02-01 16:50:00,57 F,43 F,59 %,29.46 in
2018-02-01 17:20:00,55 F,43 F,63 %,29.46 in
2018-02-01 17:50:00,54 F,43 F,67 %,29.46 in
2018-02-01 18:20:00,55 F,43 F,63 %,29.46 in
2018-02-01 18:50:00,54 F,41 F,62 %,29.46 in
2018-02-01 19:20:00,52 F,41 F,67 %,29.46 in
2018-02-01 19:50:00,54 F,39 F,58 %,29.46 in
2018-02-01 20:20:00,54 F,39 F,58 %,29.46 in
2018-02-01 20:50:00,52 F,41 F,67 %,29.46 in
2018-02-01 21:20:00,52 F,41 F,67 %,29.46 in
2018-02-01 21:50:00,50 F,41 F,71 %,29.46 in
2018-02-01 22:20:00,52 F,43 F,71 %,29.46 in
2018-02-01 22:50:00,50 F,43 F,76 %,29.46 in
2018-02-01 23:20:00,52 F,41 F,67 %,29.46 in
2018-02-01 23:50:00,52 F,41 F,67 %,29.46 in
2018-03-01 00:20:00,50 F,39 F,66 %,29.46 in
2018-03-01 00:50:00,50 F,41 F,71 %,29.46 in
2018-03-01 01:20:00,52 F,41 F,67 %,29.46 in
2018-03-01 01:50:00,50 F,41 F,71 %,29.46 in
2018-03-01 02:20:00,48 F,41 F,76 %,29.46 in
2018-03-01 03:50:00,48 F,41 F,76 %,29.43 in
2018-03-01 04:20:00,50 F,41 F,71 %,29.43 in
2018-03-01 04:50:00,50 F,43 F,76 %,29.46 in
2018-03-01 05:20:00,50 F,45 F,82 %,29.43 in
2018-03-01 05:50:00,48 F,43 F,82 %,29.43 in
2018-03-01 06:20:00,46 F,45 F,93 %,29.43 in
2018-03-01 06:50:00,46 F,45 F,93 %,29.43 in
2018-03-01 07:20:00,46 F,45 F,93 %,29.43 in
2018-03-01 07:50:00,46 F,45 F,93 %,29.43 in
2018-03-01 08:20:00,48 F,45 F,87 %,29.43 in
2018-03-01 08:50:00,48 F,45 F,87 %,29.43 in
2018-03-01 09:20:00,50 F,45 F,82 %,29.43 in
2018-03-01 09:50:00,48 F,45 F,87 %,29.46 in
2018-03-01 10:20:00,50 F,46 F,87 %,29.46 in
2018-03-01 10:50:00,48 F,46 F,93 %,29.46 in
2018-03-01 11:20:00,48 F,46 F,93 %,29.46 in
2018-03-01 11:50:00,52 F,48 F,88 %,29.46 in
2018-03-01 12:20:00,52 F,46 F,82 %,29.46 in
2018-03-01 12:50:00,52 F,46 F,82 %,29.43 in
2018-03-01 13:20:00,55 F,46 F,72 %,29.43 in
2018-03-01 13:50:00,55 F,45 F,67 %,29.43 in
2018-03-01 14:20:00,55 F,46 F,72 %,29.40 in
2018-03-01 14:50:00,54 F,45 F,72 %,29.40 in
2018-03-01 15:20:00,54 F,46 F,77 %,29.40 in
2018-03-01 15:50:00,54 F,46 F,77 %,29.40 in
2018-03-01 16:20:00,54 F,46 F,77 %,29.40 in
2018-03-01 16:50:00,54 F,46 F,77 %,29.40 in
2018-03-01 17:20:00,50 F,46 F,87 %,29.40 in
2018-03-01 17:50:00,50 F,46 F,87 %,29.40 in
2018-03-01 18:20:00,50 F,46 F,87 %,29.40 in
2018-03-01 18:50:00,48 F,46 F,93 %,29.40 in
2018-03-01 19:20:00,48 F,46 F,93 %,29.40 in
2018-03-01 19:50:00,48 F,46 F,93 %,29.40 in
2018-03-01 20:20:00,48 F,46 F,93 %,29.43 in
2018-03-01 20:50:00,48 F,46 F,93 %,29.43 in
2018-03-01 21:20:00,48 F,46 F,93 %,29.43 in
2018-03-01 21:50:00,48 F,46 F,93 %,29.43 in
2018-03-01 22:20:00,48 F,46 F,93 %,29.43 in
2018-03-01 22:50:00,48 F,46 F,93 %,29.43 in
2018-03-01 23:20:00,48 F,46 F,93 %,29.43 in
2018-03-01 23:50:00,48 F,46 F,93 %,29.43 in
2018-04-01 00:20:00,46 F,46 F,100 %,29.40 in
2018-04-01 00:50:00,46 F,45 F,93 %,29.40 in
2018-04-01 01:20:00,46 F,45 F,93 %,29.37 in
2018-04-01 01:50:00,46 F,46 F,100 %,29.40 in
2018-04-01 02:20:00,46 F,46 F,100 %,29.37 in
2018-04-01 03:50:00,46 F,45 F,93 %,29.37 in
2018-04-01 04:20:00,46 F,46 F,100 %,29.37 in
2018-04-01 04:50:00,46 F,46 F,100 %,29.37 in
2018-04-01 05:20:00,48 F,46 F,93 %,29.34 in
2018-04-01 05:50:00,46 F,45 F,93 %,29.34 in
2018-04-01 06:20:00,46 F,46 F,100 %,29.34 in
2018-04-01 06:50:00,46 F,45 F,93 %,29.34 in
2018-04-01 07:20:00,48 F,46 F,93 %,29.34 in
2018-04-01 07:50:00,48 F,46 F,93 %,29.34 in
2018-04-01 08:20:00,48 F,46 F,93 %,29.34 in
2018-04-01 08:50:00,48 F,46 F,93 %,29.34 in
2018-04-01 09:20:00,48 F,46 F,93 %,29.34 in
2018-04-01 09:50:00,48 F,46 F,93 %,29.37 in
2018-04-01 10:20:00,50 F,46 F,87 %,29.37 in
2018-04-01 10:50:00,50 F,46 F,87 %,29.37 in
2018-04-01 11:20:00,50 F,46 F,87 %,29.34 in
2018-04-01 11:50:00,50 F,45 F,82 %,29.34 in
2018-04-01 12:20:00,52 F,45 F,76 %,29.34 in
2018-04-01 12:50:00,52 F,45 F,76 %,29.34 in
2018-04-01 13:20:00,52 F,45 F,76 %,29.32 in
2018-04-01 13:50:00,54 F,45 F,72 %,29.32 in
2018-04-01 14:20:00,54 F,43 F,67 %,29.32 in
2018-04-01 14:50:00,54 F,45 F,72 %,29.32 in
2018-04-01 15:20:00,54 F,43 F,67 %,29.32 in
2018-04-01 15:50:00,52 F,41 F,67 %,29.32 in
2018-04-01 16:20:00,50 F,45 F,82 %,29.32 in
2018-04-01 16:50:00,50 F,45 F,82 %,29.32 in
2018-04-01 17:20:00,48 F,45 F,87 %,29.32 in
2018-04-01 17:50:00,48 F,45 F,87 %,29.32 in
2018-04-01 18:20:00,48 F,45 F,87 %,29.34 in
2018-04-01 18:50:00,48 F,45 F,87 %,29.34 in
2018-04-01 19:20:00,48 F,45 F,87 %,29.34 in
2018-04-01 19:50:00,48 F,45 F,87 %,29.37 in
2018-04-01 20:20:00,48 F,45 F,87 %,29.37 in
2018-04-01 20:50:00,48 F,45 F,87 %,29.37 in
2018-04-01 21:20:00,48 F,45 F,87 %,29.37 in
2018-04-01 21:50:00,48 F,45 F,87 %,29.40 in
2018-04-01 22:20:00,48 F,45 F,87 %,29.40 in
2018-04-01 22:50:00,48 F,45 F,87 %,29.40 in
2018-04-01 23:20:00,48 F,43 F,82 %,29.43 in
2018-04-01 23:50:00,48 F,43 F,82 %,29.43 in
2018-05-01 00:20:00,48 F,43 F,82 %,29.43 in
2018-05-01 00:50:00,48 F,43 F,82 %,29.43 in
2018-05-01 01:20:00,48 F,43 F,82 %,29.43 in
2018-05-01 01:46:00,48 F,43 F,82 %,29.43 in
2018-05-01 01:50:00,48 F,43 F,82 %,29.43 in
2018-05-01 02:20:00,46 F,43 F,87 %,29.43 in
2018-05-01 03:50:00,46 F,43 F,87 %,29.46 in
2018-05-01 04:20:00,46 F,43 F,87 %,29.46 in
2018-05-01 04:50:00,46 F,43 F,87 %,29.46 in
2018-05-01 05:20:00,46 F,43 F,87 %,29.46 in
2018-05-01 05:50:00,46 F,43 F,87 %,29.46 in
2018-05-01 06:20:00,46 F,43 F,87 %,29.46 in
2018-05-01 05:50:00,46 F,43 F,87 %,29.46 in
2018-05-01 06:20:00,46 F,41 F,81 %,29.49 in
2018-05-01 06:50:00,46 F,43 F,87 %,29.49 in
2018-05-01 07:20:00,46 F,43 F,87 %,29.49 in
2018-05-01 07:50:00,46 F,43 F,87 %,29.52 in
2018-05-01 08:20:00,45 F,43 F,93 %,29.52 in
2018-05-01 08:50:00,45 F,43 F,93 %,29.55 in
2018-05-01 09:20:00,45 F,41 F,87 %,29.55 in
2018-05-01 09:50:00,45 F,41 F,87 %,29.55 in
2018-05-01 10:20:00,45 F,41 F,87 %,29.55 in
2018-05-01 10:50:00,46 F,41 F,81 %,29.58 in
2018-05-01 11:20:00,46 F,41 F,81 %,29.58 in
2018-05-01 11:50:00,46 F,41 F,81 %,29.58 in
2018-05-01 12:20:00,46 F,41 F,81 %,29.58 in
2018-05-01 12:50:00,46 F,41 F,81 %,29.58 in
2018-05-01 13:20:00,46 F,41 F,81 %,29.58 in
2018-05-01 13:50:00,46 F,41 F,81 %,29.58 in
2018-05-01 14:20:00,48 F,41 F,76 %,29.58 in
2018-05-01 14:50:00,48 F,43 F,82 %,29.61 in
2018-05-01 15:20:00,48 F,41 F,76 %,29.61 in
2018-05-01 15:50:00,48 F,43 F,82 %,29.61 in
2018-05-01 16:20:00,48 F,43 F,82 %,29.61 in
2018-05-01 16:50:00,48 F,41 F,76 %,29.64 in
2018-05-01 17:20:00,48 F,41 F,76 %,29.64 in
2018-05-01 17:50:00,46 F,41 F,81 %,29.64 in
2018-05-01 18:20:00,46 F,39 F,76 %,29.64 in
2018-05-01 18:50:00,46 F,41 F,81 %,29.67 in
2018-05-01 19:20:00,46 F,41 F,81 %,29.67 in
2018-05-01 19:50:00,45 F,39 F,81 %,29.67 in
2018-05-01 20:20:00,45 F,39 F,81 %,29.67 in
2018-05-01 20:50:00,45 F,41 F,87 %,29.67 in
2018-05-01 21:20:00,43 F,39 F,87 %,29.70 in
2018-05-01 21:50:00,45 F,41 F,87 %,29.70 in
2018-05-01 22:20:00,43 F,37 F,81 %,29.72 in
2018-05-01 22:50:00,43 F,37 F,81 %,29.72 in
2018-05-01 23:20:00,41 F,37 F,87 %,29.72 in
2018-05-01 23:50:00,39 F,37 F,93 %,29.72 in
2018-06-01 00:20:00,41 F,39 F,93 %,29.72 in
2018-06-01 00:50:00,41 F,39 F,93 %,29.75 in
2018-06-01 01:20:00,41 F,39 F,93 %,29.75 in
2018-06-01 01:50:00,37 F,36 F,93 %,29.75 in
2018-06-01 02:20:00,37 F,36 F,93 %,29.75 in
2018-06-01 03:50:00,39 F,37 F,93 %,29.75 in
2018-06-01 04:20:00,39 F,37 F,93 %,29.75 in
2018-06-01 04:50:00,37 F,36 F,93 %,29.75 in
2018-06-01 05:20:00,37 F,36 F,93 %,29.75 in
2018-06-01 05:50:00,39 F,37 F,93 %,29.75 in
2018-06-01 06:08:00,39 F,37 F,93 %,29.75 in
2018-06-01 06:20:00,37 F,37 F,100 %,29.75 in
2018-06-01 05:50:00,37 F,36 F,93 %,29.78 in
2018-06-01 06:20:00,37 F,36 F,93 %,29.78 in
2018-06-01 06:50:00,36 F,34 F,93 %,29.78 in
2018-06-01 07:20:00,37 F,36 F,93 %,29.78 in
2018-06-01 07:43:00,37 F,36 F,93 %,29.78 in
2018-06-01 07:50:00,36 F,36 F,100 %,29.78 in
2018-06-01 08:20:00,37 F,36 F,93 %,29.81 in
2018-06-01 08:50:00,39 F,37 F,93 %,29.81 in
2018-06-01 09:20:00,43 F,41 F,93 %,29.81 in
2018-06-01 09:50:00,48 F,43 F,82 %,29.81 in
2018-06-01 10:20:00,48 F,41 F,76 %,29.84 in
2018-06-01 10:50:00,48 F,41 F,76 %,29.84 in
2018-06-01 11:20:00,48 F,41 F,76 %,29.84 in
2018-06-01 11:50:00,48 F,41 F,76 %,29.84 in
2018-06-01 12:20:00,50 F,39 F,66 %,29.84 in
2018-06-01 12:50:00,52 F,41 F,67 %,29.84 in
2018-06-01 13:20:00,52 F,41 F,67 %,29.84 in
2018-06-01 13:50:00,52 F,41 F,67 %,29.84 in
2018-06-01 14:20:00,52 F,41 F,67 %,29.81 in
2018-06-01 14:50:00,54 F,41 F,62 %,29.81 in
2018-06-01 15:20:00,55 F,37 F,51 %,29.81 in
2018-06-01 15:50:00,54 F,37 F,54 %,29.84 in
2018-06-01 16:20:00,55 F,37 F,51 %,29.84 in
2018-06-01 16:50:00,54 F,41 F,62 %,29.84 in
2018-06-01 17:20:00,50 F,39 F,66 %,29.84 in
2018-06-01 17:50:00,48 F,39 F,71 %,29.84 in
2018-06-01 18:20:00,46 F,39 F,76 %,29.84 in
2018-06-01 18:50:00,45 F,41 F,87 %,29.84 in
2018-06-01 19:20:00,45 F,39 F,81 %,29.84 in
2018-06-01 19:50:00,45 F,39 F,81 %,29.84 in
2018-06-01 20:20:00,45 F,39 F,81 %,29.87 in
2018-06-01 20:50:00,45 F,39 F,81 %,29.87 in
2018-06-01 21:20:00,45 F,39 F,81 %,29.87 in
2018-06-01 21:50:00,41 F,37 F,87 %,29.87 in
2018-06-01 22:20:00,43 F,39 F,87 %,29.90 in
2018-06-01 22:50:00,43 F,39 F,87 %,29.90 in
2018-06-01 23:20:00,41 F,37 F,87 %,29.90 in
2018-06-01 23:50:00,43 F,39 F,87 %,29.90 in
2018-07-01 00:20:00,43 F,39 F,87 %,29.90 in
2018-07-01 00:50:00,45 F,39 F,81 %,29.90 in
2018-07-01 01:20:00,46 F,37 F,71 %,29.90 in
2018-07-01 01:50:00,46 F,37 F,71 %,29.90 in
2018-07-01 02:20:00,48 F,37 F,66 %,29.90 in
2018-07-01 03:50:00,46 F,37 F,71 %,29.90 in
2018-07-01 04:20:00,46 F,36 F,66 %,29.90 in
2018-07-01 04:50:00,48 F,36 F,62 %,29.90 in
2018-07-01 05:20:00,50 F,37 F,62 %,29.90 in
2018-07-01 05:50:00,48 F,36 F,62 %,29.90 in
2018-07-01 06:20:00,46 F,36 F,66 %,29.90 in
2018-07-01 05:50:00,45 F,36 F,71 %,29.90 in
2018-07-01 06:20:00,43 F,37 F,81 %,29.90 in
2018-07-01 06:50:00,46 F,37 F,71 %,29.93 in
2018-07-01 07:20:00,45 F,39 F,81 %,29.93 in
2018-07-01 07:50:00,45 F,39 F,81 %,29.93 in
2018-07-01 08:20:00,45 F,41 F,87 %,29.93 in
2018-07-01 08:50:00,46 F,39 F,76 %,29.96 in
2018-07-01 09:20:00,52 F,39 F,62 %,29.96 in
2018-07-01 09:50:00,54 F,37 F,54 %,29.96 in
2018-07-01 10:20:00,54 F,39 F,58 %,29.96 in
2018-07-01 10:50:00,54 F,37 F,54 %,29.99 in
2018-07-01 11:20:00,55 F,37 F,51 %,29.99 in
2018-07-01 11:50:00,57 F,37 F,48 %,29.99 in
2018-07-01 12:20:00,59 F,37 F,45 %,29.99 in
2018-07-01 12:50:00,59 F,37 F,45 %,29.99 in
2018-07-01 13:20:00,59 F,37 F,45 %,29.99 in
2018-07-01 13:50:00,59 F,37 F,45 %,29.99 in
2018-07-01 14:20:00,59 F,37 F,45 %,29.99 in
2018-07-01 14:50:00,59 F,37 F,45 %,29.99 in
2018-07-01 15:20:00,59 F,37 F,45 %,29.99 in
2018-07-01 15:50:00,57 F,37 F,48 %,29.99 in
2018-07-01 16:20:00,57 F,37 F,48 %,29.99 in
2018-07-01 16:50:00,57 F,37 F,48 %,29.99 in
2018-07-01 17:20:00,55 F,37 F,51 %,30.02 in
2018-07-01 17:50:00,54 F,37 F,54 %,30.02 in
2018-07-01 18:20:00,50 F,37 F,62 %,30.02 in
2018-07-01 18:50:00,50 F,39 F,66 %,30.05 in
2018-07-01 19:20:00,50 F,39 F,66 %,30.05 in
2018-07-01 19:50:00,48 F,39 F,71 %,30.05 in
2018-07-01 20:20:00,48 F,39 F,71 %,30.05 in
2018-07-01 20:50:00,50 F,39 F,66 %,30.05 in
2018-07-01 21:20:00,48 F,39 F,71 %,30.05 in
2018-07-01 21:50:00,46 F,39 F,76 %,30.05 in
2018-07-01 22:20:00,46 F,39 F,76 %,30.05 in
2018-07-01 22:50:00,50 F,39 F,66 %,30.05 in
2018-07-01 23:20:00,48 F,39 F,71 %,30.05 in
2018-07-01 23:50:00,50 F,39 F,66 %,30.05 in
2018-08-01 00:20:00,50 F,39 F,66 %,30.05 in
2018-08-01 00:50:00,48 F,39 F,71 %,30.05 in
2018-08-01 01:20:00,48 F,39 F,71 %,30.07 in
2018-08-01 01:50:00,46 F,39 F,76 %,30.07 in
2018-08-01 02:20:00,46 F,39 F,76 %,30.07 in
2018-08-01 03:50:00,48 F,39 F,71 %,30.07 in
2018-08-01 04:20:00,48 F,39 F,71 %,30.07 in
2018-08-01 04:50:00,48 F,41 F,76 %,30.07 in
2018-08-01 05:20:00,46 F,39 F,76 %,30.07 in
2018-08-01 05:50:00,50 F,41 F,71 %,30.10 in
2018-08-01 06:20:00,50 F,43 F,76 %,30.10 in
2018-08-01 05:50:00,48 F,43 F,82 %,30.10 in
2018-08-01 06:20:00,48 F,45 F,87 %,30.10 in
2018-08-01 06:50:00,48 F,43 F,82 %,30.10 in
2018-08-01 07:20:00,48 F,45 F,87 %,30.13 in
2018-08-01 07:50:00,48 F,43 F,82 %,30.13 in
2018-08-01 08:20:00,50 F,43 F,76 %,30.13 in
2018-08-01 08:50:00,50 F,43 F,76 %,30.13 in
2018-08-01 09:20:00,52 F,45 F,76 %,30.13 in
2018-08-01 09:50:00,54 F,43 F,67 %,30.13 in
2018-08-01 10:20:00,55 F,43 F,63 %,30.13 in
2018-08-01 10:50:00,55 F,43 F,63 %,30.13 in
2018-08-01 11:20:00,57 F,43 F,59 %,30.13 in
2018-08-01 11:50:00,57 F,43 F,59 %,30.13 in
2018-08-01 12:20:00,57 F,43 F,59 %,30.10 in
2018-08-01 12:50:00,57 F,45 F,63 %,30.10 in
2018-08-01 13:20:00,57 F,45 F,63 %,30.10 in
2018-08-01 13:50:00,57 F,43 F,59 %,30.10 in
2018-08-01 14:20:00,57 F,45 F,63 %,30.10 in
2018-08-01 14:50:00,57 F,45 F,63 %,30.10 in
2018-08-01 15:20:00,57 F,45 F,63 %,30.07 in
2018-08-01 15:50:00,57 F,45 F,63 %,30.07 in
2018-08-01 16:20:00,59 F,45 F,59 %,30.07 in
2018-08-01 16:50:00,55 F,45 F,67 %,30.10 in
2018-08-01 17:20:00,54 F,45 F,72 %,30.07 in
2018-08-01 17:50:00,54 F,45 F,72 %,30.07 in
2018-08-01 18:20:00,52 F,45 F,76 %,30.07 in
2018-08-01 18:50:00,50 F,45 F,82 %,30.07 in
2018-08-01 19:20:00,50 F,45 F,82 %,30.07 in
2018-08-01 19:50:00,52 F,45 F,76 %,30.07 in
2018-08-01 20:20:00,50 F,45 F,82 %,30.10 in
2018-08-01 20:50:00,50 F,45 F,82 %,30.07 in
2018-08-01 21:20:00,48 F,45 F,87 %,30.07 in
2018-08-01 21:50:00,50 F,45 F,82 %,30.07 in
2018-08-01 22:20:00,50 F,45 F,82 %,30.07 in
2018-08-01 22:50:00,46 F,43 F,87 %,30.07 in
2018-08-01 23:20:00,48 F,45 F,87 %,30.07 in
2018-08-01 23:50:00,48 F,45 F,87 %,30.07 in
2018-09-01 00:20:00,48 F,45 F,87 %,30.05 in
2018-09-01 00:50:00,48 F,43 F,82 %,30.05 in
2018-09-01 01:20:00,48 F,45 F,87 %,30.05 in
2018-09-01 01:50:00,50 F,43 F,76 %,30.05 in
2018-09-01 02:20:00,46 F,43 F,87 %,30.05 in
2018-09-01 03:50:00,46 F,43 F,87 %,30.05 in
2018-09-01 04:20:00,46 F,43 F,87 %,30.05 in
2018-09-01 04:50:00,48 F,43 F,82 %,30.07 in
2018-09-01 05:20:00,46 F,43 F,87 %,30.05 in
2018-09-01 05:50:00,46 F,43 F,87 %,30.07 in
2018-09-01 06:20:00,48 F,43 F,82 %,30.07 in
2018-09-01 05:50:00,46 F,43 F,87 %,30.07 in
2018-09-01 06:20:00,48 F,43 F,82 %,30.07 in
2018-09-01 06:50:00,50 F,43 F,76 %,30.07 in
2018-09-01 07:20:00,52 F,41 F,67 %,30.10 in
2018-09-01 07:50:00,48 F,43 F,82 %,30.10 in
2018-09-01 08:20:00,52 F,41 F,67 %,30.10 in
2018-09-01 08:50:00,52 F,43 F,71 %,30.10 in
2018-09-01 09:20:00,50 F,45 F,82 %,30.13 in
2018-09-01 09:50:00,50 F,45 F,82 %,30.13 in
2018-09-01 10:20:00,52 F,45 F,76 %,30.13 in
2018-09-01 10:50:00,52 F,48 F,88 %,30.13 in
2018-09-01 11:01:00,52 F,48 F,88 %,30.13 in
2018-09-01 11:08:00,50 F,48 F,94 %,30.13 in
2018-09-01 11:17:00,50 F,48 F,94 %,30.13 in
2018-09-01 11:20:00,50 F,48 F,94 %,30.13 in
2018-09-01 11:50:00,50 F,48 F,94 %,30.13 in
2018-09-01 12:20:00,50 F,46 F,87 %,30.13 in
2018-09-01 12:50:00,50 F,46 F,87 %,30.13 in
2018-09-01 13:20:00,50 F,46 F,87 %,30.13 in
2018-09-01 13:50:00,50 F,46 F,87 %,30.13 in
2018-09-01 14:20:00,52 F,46 F,82 %,30.10 in
2018-09-01 14:50:00,50 F,46 F,87 %,30.13 in
2018-09-01 15:20:00,50 F,46 F,87 %,30.13 in
2018-09-01 15:50:00,50 F,46 F,87 %,30.13 in
2018-09-01 16:20:00,48 F,46 F,93 %,30.13 in
2018-09-01 16:50:00,48 F,46 F,93 %,30.13 in
2018-09-01 17:20:00,48 F,46 F,93 %,30.13 in
2018-09-01 17:50:00,48 F,46 F,93 %,30.13 in
2018-09-01 18:20:00,48 F,46 F,93 %,30.13 in
2018-09-01 18:50:00,48 F,46 F,93 %,30.16 in
2018-09-01 19:20:00,48 F,46 F,93 %,30.13 in
2018-09-01 19:50:00,48 F,46 F,93 %,30.13 in
2018-09-01 20:20:00,50 F,46 F,87 %,30.13 in
2018-09-01 20:50:00,50 F,46 F,87 %,30.13 in
2018-09-01 21:20:00,48 F,46 F,93 %,30.13 in
2018-09-01 21:50:00,48 F,46 F,93 %,30.13 in
2018-09-01 22:20:00,48 F,46 F,93 %,30.10 in
2018-09-01 22:50:00,48 F,46 F,93 %,30.10 in
2018-09-01 23:20:00,48 F,46 F,93 %,30.10 in
2018-09-01 23:50:00,48 F,46 F,93 %,30.10 in
2018-10-01 00:20:00,48 F,46 F,93 %,30.07 in
2018-10-01 00:50:00,48 F,46 F,93 %,30.07 in
2018-10-01 01:20:00,48 F,46 F,93 %,30.07 in
2018-10-01 01:50:00,48 F,46 F,93 %,30.05 in
2018-10-01 02:20:00,48 F,45 F,87 %,30.05 in
2018-10-01 03:50:00,48 F,45 F,87 %,30.05 in
2018-10-01 04:20:00,48 F,45 F,87 %,30.05 in
2018-10-01 04:50:00,48 F,45 F,87 %,30.02 in
2018-10-01 05:20:00,48 F,45 F,87 %,30.02 in
2018-10-01 05:50:00,48 F,45 F,87 %,30.02 in
2018-10-01 06:20:00,48 F,45 F,87 %,29.99 in
2018-10-01 05:50:00,48 F,45 F,87 %,29.99 in
2018-10-01 06:20:00,48 F,45 F,87 %,29.96 in
2018-10-01 06:50:00,48 F,45 F,87 %,29.96 in
2018-10-01 07:20:00,48 F,45 F,87 %,29.96 in
2018-10-01 07:50:00,48 F,45 F,87 %,29.96 in
2018-10-01 08:20:00,46 F,45 F,93 %,29.96 in
2018-10-01 08:50:00,48 F,45 F,87 %,29.96 in
2018-10-01 09:20:00,48 F,45 F,87 %,29.93 in
2018-10-01 09:50:00,48 F,43 F,82 %,29.93 in
2018-10-01 10:20:00,48 F,43 F,82 %,29.93 in
2018-10-01 10:50:00,50 F,43 F,76 %,29.90 in
2018-10-01 11:20:00,50 F,43 F,76 %,29.90 in
2018-10-01 11:50:00,50 F,43 F,76 %,29.87 in
2018-10-01 12:20:00,50 F,43 F,76 %,29.87 in
2018-10-01 12:50:00,50 F,43 F,76 %,29.84 in
2018-10-01 13:20:00,50 F,43 F,76 %,29.81 in
2018-10-01 13:50:00,52 F,43 F,71 %,29.81 in
2018-10-01 14:20:00,52 F,45 F,76 %,29.81 in
2018-10-01 14:50:00,50 F,43 F,76 %,29.78 in
2018-10-01 15:20:00,52 F,43 F,71 %,29.78 in
2018-10-01 15:50:00,50 F,43 F,76 %,29.78 in
2018-10-01 16:20:00,50 F,45 F,82 %,29.78 in
2018-10-01 16:50:00,50 F,43 F,76 %,29.72 in
2018-10-01 17:20:00,50 F,45 F,82 %,29.72 in
2018-10-01 17:50:00,50 F,43 F,76 %,29.72 in
2018-10-01 18:20:00,48 F,45 F,87 %,29.72 in
2018-10-01 18:50:00,48 F,43 F,82 %,29.72 in
2018-10-01 19:20:00,48 F,43 F,82 %,29.72 in
2018-10-01 19:50:00,46 F,43 F,87 %,29.70 in
2018-10-01 20:20:00,46 F,45 F,93 %,29.70 in
2018-10-01 20:50:00,48 F,45 F,87 %,29.70 in
2018-10-01 21:20:00,46 F,43 F,87 %,29.70 in
2018-10-01 21:50:00,46 F,43 F,87 %,29.67 in
2018-10-01 22:20:00,46 F,43 F,87 %,29.67 in
2018-10-01 22:50:00,46 F,43 F,87 %,29.70 in
2018-10-01 23:20:00,46 F,43 F,87 %,29.67 in
2018-10-01 23:50:00,46 F,43 F,87 %,29.67 in
2018-11-01 00:20:00,46 F,43 F,87 %,29.67 in
2018-11-01 00:50:00,43 F,41 F,93 %,29.67 in
2018-11-01 01:20:00,43 F,41 F,93 %,29.64 in
2018-11-01 01:50:00,43 F,41 F,93 %,29.64 in
2018-11-01 02:20:00,45 F,43 F,93 %,29.64 in
2018-11-01 03:50:00,46 F,41 F,81 %,29.64 in
2018-11-01 04:20:00,46 F,39 F,76 %,29.64 in
2018-11-01 04:50:00,46 F,41 F,81 %,29.64 in
2018-11-01 05:20:00,46 F,43 F,87 %,29.61 in
2018-11-01 05:50:00,46 F,43 F,87 %,29.61 in
2018-11-01 06:20:00,43 F,41 F,93 %,29.61 in
2018-11-01 05:50:00,45 F,41 F,87 %,29.61 in
2018-11-01 06:20:00,45 F,41 F,87 %,29.58 in
2018-11-01 06:50:00,48 F,37 F,66 %,29.58 in
2018-11-01 07:20:00,46 F,36 F,66 %,29.58 in
2018-11-01 07:50:00,48 F,36 F,62 %,29.58 in
2018-11-01 08:20:00,46 F,37 F,71 %,29.58 in
2018-11-01 08:50:00,46 F,37 F,71 %,29.58 in
2018-11-01 09:20:00,50 F,37 F,62 %,29.55 in
2018-11-01 09:50:00,52 F,37 F,58 %,29.55 in
2018-11-01 10:20:00,52 F,36 F,54 %,29.55 in
2018-11-01 10:50:00,52 F,37 F,58 %,29.55 in
2018-11-01 11:20:00,54 F,37 F,54 %,29.55 in
2018-11-01 11:50:00,54 F,37 F,54 %,29.55 in
2018-11-01 12:20:00,54 F,37 F,54 %,29.55 in
2018-11-01 12:50:00,54 F,36 F,51 %,29.52 in
2018-11-01 13:06:00,54 F,36 F,51 %,29.52 in
2018-11-01 13:20:00,55 F,37 F,51 %,29.52 in
2018-11-01 13:50:00,54 F,37 F,54 %,29.52 in
2018-11-01 14:20:00,55 F,39 F,54 %,29.49 in
2018-11-01 14:50:00,55 F,39 F,54 %,29.49 in
2018-11-01 15:17:00,55 F,39 F,54 %,29.52 in
2018-11-01 15:20:00,55 F,39 F,54 %,29.52 in
2018-11-01 15:50:00,54 F,39 F,58 %,29.52 in
2018-11-01 16:20:00,52 F,43 F,71 %,29.52 in
2018-11-01 16:50:00,50 F,45 F,82 %,29.52 in
2018-11-01 17:20:00,50 F,45 F,82 %,29.52 in
2018-11-01 17:50:00,50 F,45 F,82 %,29.52 in
2018-11-01 18:20:00,48 F,46 F,93 %,29.52 in
2018-11-01 18:50:00,48 F,46 F,93 %,29.52 in
2018-11-01 19:20:00,48 F,46 F,93 %,29.52 in
2018-11-01 19:50:00,48 F,46 F,93 %,29.55 in
2018-11-01 20:20:00,48 F,46 F,93 %,29.55 in
2018-11-01 20:50:00,48 F,46 F,93 %,29.55 in
2018-11-01 21:20:00,48 F,46 F,93 %,29.55 in
2018-11-01 21:50:00,48 F,46 F,93 %,29.55 in
2018-11-01 22:20:00,48 F,46 F,93 %,29.55 in
2018-11-01 22:50:00,48 F,46 F,93 %,29.55 in
2018-11-01 23:20:00,48 F,46 F,93 %,29.55 in
2018-11-01 23:50:00,48 F,46 F,93 %,29.55 in
2018-12-01 00:20:00,48 F,46 F,93 %,29.55 in
2018-12-01 00:50:00,48 F,46 F,93 %,29.55 in
2018-12-01 01:20:00,48 F,46 F,93 %,29.55 in
2018-12-01 01:50:00,48 F,46 F,93 %,29.58 in
2018-12-01 02:20:00,48 F,46 F,93 %,29.58 in
2018-12-01 03:50:00,48 F,46 F,93 %,29.58 in
2018-12-01 04:20:00,48 F,46 F,93 %,29.58 in
2018-12-01 04:50:00,48 F,46 F,93 %,29.58 in
2018-12-01 05:20:00,48 F,46 F,93 %,29.58 in
2018-12-01 05:50:00,48 F,46 F,93 %,29.61 in
2018-12-01 06:20:00,46 F,46 F,100 %,29.61 in
2018-12-01 05:50:00,48 F,46 F,93 %,29.61 in
2018-12-01 06:20:00,48 F,46 F,93 %,29.61 in
2018-12-01 06:50:00,48 F,46 F,93 %,29.61 in
2018-12-01 07:20:00,48 F,46 F,93 %,29.64 in
2018-12-01 07:50:00,48 F,46 F,93 %,29.64 in
2018-12-01 08:20:00,48 F,46 F,93 %,29.64 in
2018-12-01 08:50:00,48 F,46 F,93 %,29.64 in
2018-12-01 09:20:00,48 F,46 F,93 %,29.67 in
2018-12-01 09:50:00,48 F,46 F,93 %,29.67 in
2018-12-01 10:20:00,48 F,46 F,93 %,29.67 in
2018-12-01 10:50:00,48 F,46 F,93 %,29.70 in
2018-12-01 11:20:00,48 F,46 F,93 %,29.70 in
2018-12-01 11:50:00,50 F,48 F,94 %,29.67 in
2018-12-01 12:20:00,50 F,48 F,94 %,29.67 in
2018-12-01 12:50:00,50 F,46 F,87 %,29.67 in
2018-12-01 13:20:00,48 F,46 F,93 %,29.70 in
2018-12-01 13:50:00,48 F,46 F,93 %,29.70 in
2018-12-01 14:20:00,50 F,46 F,87 %,29.70 in
2018-12-01 14:50:00,48 F,46 F,93 %,29.70 in
2018-12-01 15:20:00,50 F,48 F,94 %,29.70 in
2018-12-01 15:50:00,50 F,48 F,94 %,29.70 in
2018-12-01 16:20:00,50 F,46 F,87 %,29.72 in
2018-12-01 16:50:00,50 F,46 F,87 %,29.72 in
2018-12-01 17:20:00,48 F,48 F,100 %,29.72 in
2018-12-01 17:50:00,48 F,46 F,93 %,29.72 in
2018-12-01 18:20:00,48 F,48 F,100 %,29.75 in
2018-12-01 18:50:00,48 F,46 F,93 %,29.75 in
2018-12-01 19:20:00,48 F,46 F,93 %,29.75 in
2018-12-01 19:50:00,48 F,46 F,93 %,29.75 in
2018-12-01 20:20:00,48 F,45 F,87 %,29.78 in
2018-12-01 20:50:00,46 F,45 F,93 %,29.78 in
2018-12-01 21:20:00,46 F,45 F,93 %,29.78 in
2018-12-01 21:50:00,46 F,45 F,93 %,29.81 in
2018-12-01 22:20:00,46 F,45 F,93 %,29.81 in
2018-12-01 22:50:00,46 F,45 F,93 %,29.81 in
2018-12-01 23:20:00,46 F,43 F,87 %,29.81 in
2018-12-01 23:50:00,45 F,43 F,93 %,29.81 in
2018-01-13 00:20:00,45 F,43 F,93 %,29.81 in
2018-01-13 00:50:00,45 F,41 F,87 %,29.81 in
2018-01-13 01:20:00,45 F,41 F,87 %,29.81 in
2018-01-13 01:50:00,45 F,43 F,93 %,29.81 in
2018-01-13 02:20:00,45 F,43 F,93 %,29.81 in
2018-01-13 03:50:00,45 F,43 F,93 %,29.81 in
2018-01-13 04:20:00,45 F,43 F,93 %,29.81 in
2018-01-13 04:50:00,45 F,43 F,93 %,29.81 in
2018-01-13 05:20:00,45 F,43 F,93 %,29.81 in
2018-01-13 05:50:00,45 F,43 F,93 %,29.81 in
2018-01-13 06:20:00,45 F,41 F,87 %,29.81 in
2018-01-13 05:50:00,45 F,41 F,87 %,29.81 in
2018-01-13 06:20:00,45 F,41 F,87 %,29.81 in
2018-01-13 06:50:00,45 F,43 F,93 %,29.81 in
2018-01-13 07:20:00,45 F,43 F,93 %,29.81 in
2018-01-13 07:50:00,45 F,43 F,93 %,29.81 in
2018-01-13 08:20:00,45 F,43 F,93 %,29.81 in
2018-01-13 08:50:00,45 F,43 F,93 %,29.81 in
2018-01-13 09:20:00,45 F,43 F,93 %,29.81 in
2018-01-13 09:50:00,46 F,43 F,87 %,29.81 in
2018-01-13 10:13:00,46 F,43 F,87 %,29.81 in
2018-01-13 10:20:00,46 F,43 F,87 %,29.81 in
2018-01-13 10:50:00,46 F,43 F,87 %,29.81 in
2018-01-13 11:20:00,46 F,43 F,87 %,29.81 in
2018-01-13 11:50:00,46 F,43 F,87 %,29.78 in
2018-01-13 12:20:00,46 F,43 F,87 %,29.78 in
2018-01-13 12:50:00,46 F,43 F,87 %,29.78 in
2018-01-13 13:20:00,46 F,43 F,87 %,29.75 in
2018-01-13 13:50:00,46 F,43 F,87 %,29.75 in
2018-01-13 14:20:00,46 F,43 F,87 %,29.75 in
2018-01-13 14:50:00,46 F,43 F,87 %,29.75 in
2018-01-13 15:20:00,45 F,41 F,87 %,29.75 in
2018-01-13 15:50:00,45 F,41 F,87 %,29.75 in
2018-01-13 16:20:00,45 F,41 F,87 %,29.75 in
2018-01-13 16:50:00,45 F,41 F,87 %,29.75 in
2018-01-13 17:20:00,43 F,41 F,93 %,29.75 in
2018-01-13 17:50:00,43 F,41 F,93 %,29.75 in
2018-01-13 18:20:00,43 F,41 F,93 %,29.75 in
2018-01-13 18:50:00,43 F,41 F,93 %,29.75 in
2018-01-13 19:20:00,43 F,41 F,93 %,29.78 in
2018-01-13 19:50:00,43 F,41 F,93 %,29.75 in
2018-01-13 20:20:00,43 F,41 F,93 %,29.75 in
2018-01-13 20:50:00,43 F,39 F,87 %,29.75 in
2018-01-13 21:20:00,41 F,39 F,93 %,29.75 in
2018-01-13 21:50:00,41 F,39 F,93 %,29.75 in
2018-01-13 22:20:00,41 F,39 F,93 %,29.75 in
2018-01-13 22:50:00,41 F,39 F,93 %,29.75 in
2018-01-13 23:20:00,41 F,39 F,93 %,29.78 in
2018-01-13 23:50:00,41 F,39 F,93 %,29.75 in
2018-01-14 00:20:00,41 F,39 F,93 %,29.75 in
2018-01-14 00:50:00,41 F,39 F,93 %,29.75 in
2018-01-14 01:20:00,41 F,37 F,87 %,29.75 in
2018-01-14 01:50:00,41 F,37 F,87 %,29.75 in
2018-01-14 02:20:00,41 F,37 F,87 %,29.75 in
2018-01-14 03:50:00,41 F,37 F,87 %,29.75 in
2018-01-14 04:20:00,41 F,37 F,87 %,29.75 in
2018-01-14 04:50:00,41 F,37 F,87 %,29.78 in
2018-01-14 05:20:00,41 F,37 F,87 %,29.78 in
2018-01-14 05:50:00,41 F,37 F,87 %,29.78 in
2018-01-14 06:20:00,39 F,37 F,93 %,29.78 in
2018-01-14 05:50:00,39 F,37 F,93 %,29.78 in
2018-01-14 06:00:00,39 F,37 F,93 %,29.78 in
2018-01-14 06:20:00,39 F,37 F,93 %,29.81 in
2018-01-14 06:50:00,39 F,37 F,93 %,29.81 in
2018-01-14 07:20:00,39 F,36 F,87 %,29.81 in
2018-01-14 07:50:00,39 F,36 F,87 %,29.84 in
2018-01-14 08:20:00,39 F,36 F,87 %,29.84 in
2018-01-14 08:50:00,39 F,36 F,87 %,29.84 in
2018-01-14 09:20:00,39 F,36 F,87 %,29.87 in
2018-01-14 09:50:00,39 F,36 F,87 %,29.87 in
2018-01-14 10:20:00,39 F,36 F,87 %,29.87 in
2018-01-14 10:50:00,39 F,37 F,93 %,29.87 in
2018-01-14 11:20:00,39 F,36 F,87 %,29.87 in
2018-01-14 11:50:00,39 F,36 F,87 %,29.87 in
2018-01-14 12:20:00,39 F,36 F,87 %,29.87 in
2018-01-14 12:50:00,39 F,36 F,87 %,29.87 in
2018-01-14 13:20:00,39 F,36 F,87 %,29.87 in
2018-01-14 13:50:00,39 F,36 F,87 %,29.87 in
2018-01-14 14:20:00,39 F,36 F,87 %,29.90 in
2018-01-14 14:50:00,39 F,34 F,81 %,29.90 in
2018-01-14 15:20:00,39 F,34 F,81 %,29.90 in
2018-01-14 15:50:00,39 F,34 F,81 %,29.93 in
2018-01-14 16:20:00,39 F,34 F,81 %,29.93 in
2018-01-14 16:50:00,39 F,36 F,87 %,29.93 in
2018-01-14 17:20:00,39 F,32 F,75 %,29.96 in
2018-01-14 17:50:00,39 F,34 F,81 %,29.96 in
2018-01-14 18:20:00,39 F,32 F,75 %,29.96 in
2018-01-14 18:50:00,37 F,34 F,87 %,29.99 in
2018-01-14 19:20:00,39 F,32 F,75 %,29.99 in
2018-01-14 19:50:00,37 F,34 F,87 %,29.99 in
2018-01-14 20:20:00,37 F,34 F,87 %,29.99 in
2018-01-14 20:50:00,39 F,30 F,70 %,29.99 in
2018-01-14 21:20:00,39 F,30 F,70 %,30.02 in
2018-01-14 21:50:00,37 F,30 F,75 %,30.02 in
2018-01-14 22:20:00,37 F,32 F,81 %,30.02 in
2018-01-14 22:50:00,37 F,30 F,75 %,30.02 in
2018-01-14 23:20:00,37 F,32 F,81 %,30.02 in
2018-01-14 23:50:00,36 F,30 F,81 %,30.05 in
2018-01-15 00:20:00,36 F,30 F,81 %,30.05 in
2018-01-15 00:50:00,36 F,30 F,81 %,30.05 in
2018-01-15 01:20:00,36 F,30 F,81 %,30.05 in
2018-01-15 01:50:00,36 F,30 F,81 %,30.05 in
2018-01-15 02:20:00,36 F,30 F,81 %,30.05 in
2018-01-15 03:50:00,36 F,30 F,81 %,30.05 in
2018-01-15 04:20:00,36 F,32 F,87 %,30.05 in
2018-01-15 04:50:00,36 F,32 F,87 %,30.05 in
2018-01-15 05:20:00,36 F,32 F,87 %,30.05 in
2018-01-15 05:50:00,36 F,32 F,87 %,30.05 in
2018-01-15 06:20:00,36 F,30 F,81 %,30.05 in
2018-01-15 05:50:00,36 F,32 F,87 %,30.05 in
2018-01-15 06:20:00,36 F,32 F,87 %,30.05 in
2018-01-15 06:50:00,36 F,32 F,87 %,30.05 in
2018-01-15 07:20:00,36 F,32 F,87 %,30.05 in
2018-01-15 07:50:00,37 F,32 F,81 %,30.05 in
2018-01-15 08:20:00,37 F,32 F,81 %,30.05 in
2018-01-15 08:50:00,37 F,32 F,81 %,30.07 in
2018-01-15 09:20:00,37 F,32 F,81 %,30.07 in
2018-01-15 09:50:00,39 F,32 F,75 %,30.07 in
2018-01-15 10:20:00,39 F,32 F,75 %,30.07 in
2018-01-15 10:50:00,41 F,32 F,70 %,30.07 in
2018-01-15 11:20:00,41 F,32 F,70 %,30.05 in
2018-01-15 11:50:00,41 F,28 F,61 %,30.05 in
2018-01-15 12:20:00,43 F,25 F,49 %,30.05 in
2018-01-15 12:50:00,43 F,25 F,49 %,30.05 in
2018-01-15 13:20:00,45 F,27 F,49 %,30.02 in
2018-01-15 13:50:00,43 F,28 F,57 %,30.02 in
2018-01-15 14:20:00,43 F,28 F,57 %,30.02 in
2018-01-15 14:50:00,43 F,30 F,61 %,30.02 in
2018-01-15 15:20:00,45 F,30 F,57 %,29.99 in
2018-01-15 15:50:00,43 F,30 F,61 %,30.02 in
2018-01-15 16:20:00,43 F,30 F,61 %,30.02 in
2018-01-15 16:50:00,43 F,30 F,61 %,29.99 in
2018-01-15 17:20:00,41 F,30 F,65 %,29.99 in
2018-01-15 17:50:00,41 F,30 F,65 %,29.99 in
2018-01-15 18:20:00,39 F,30 F,70 %,29.99 in
2018-01-15 18:50:00,39 F,30 F,70 %,29.99 in
2018-01-15 19:20:00,37 F,30 F,75 %,29.99 in
2018-01-15 19:50:00,37 F,30 F,75 %,29.99 in
2018-01-15 20:20:00,39 F,30 F,70 %,29.99 in
2018-01-15 20:50:00,39 F,30 F,70 %,29.99 in
2018-01-15 21:20:00,39 F,30 F,70 %,29.99 in
2018-01-15 21:50:00,39 F,30 F,70 %,29.96 in
2018-01-15 22:20:00,39 F,30 F,70 %,29.96 in
2018-01-15 22:50:00,39 F,30 F,70 %,29.96 in
2018-01-15 23:20:00,39 F,30 F,70 %,29.96 in
2018-01-15 23:50:00,39 F,32 F,75 %,29.96 in
2018-01-16 00:20:00,39 F,32 F,75 %,29.93 in
2018-01-16 00:50:00,37 F,32 F,81 %,29.93 in
2018-01-16 01:20:00,39 F,32 F,75 %,29.93 in
2018-01-16 01:50:00,39 F,32 F,75 %,29.90 in
2018-01-16 02:20:00,39 F,32 F,75 %,29.90 in
2018-01-16 03:50:00,37 F,32 F,81 %,29.90 in
2018-01-16 04:20:00,39 F,32 F,75 %,29.87 in
2018-01-16 04:50:00,39 F,32 F,75 %,29.87 in
2018-01-16 05:20:00,37 F,32 F,81 %,29.84 in
2018-01-16 05:50:00,39 F,32 F,75 %,29.84 in
2018-01-16 06:20:00,39 F,32 F,75 %,29.84 in
2018-01-16 05:50:00,37 F,32 F,81 %,29.81 in
2018-01-16 06:20:00,41 F,32 F,70 %,29.81 in
2018-01-16 06:50:00,39 F,32 F,75 %,29.81 in
2018-01-16 07:20:00,39 F,32 F,75 %,29.78 in
2018-01-16 07:50:00,39 F,32 F,75 %,29.78 in
2018-01-16 08:20:00,41 F,34 F,76 %,29.78 in
2018-01-16 08:31:00,43 F,34 F,70 %,29.78 in
2018-01-16 08:50:00,43 F,34 F,70 %,29.78 in
2018-01-16 09:20:00,45 F,36 F,71 %,29.78 in
2018-01-16 09:50:00,45 F,37 F,76 %,29.78 in
2018-01-16 10:20:00,45 F,39 F,81 %,29.78 in
2018-01-16 10:50:00,45 F,41 F,87 %,29.75 in
2018-01-16 11:20:00,46 F,41 F,81 %,29.75 in
2018-01-16 11:50:00,46 F,39 F,76 %,29.75 in
2018-01-16 12:20:00,46 F,41 F,81 %,29.72 in
2018-01-16 12:50:00,46 F,41 F,81 %,29.70 in
2018-01-16 13:20:00,46 F,41 F,81 %,29.70 in
2018-01-16 13:50:00,48 F,41 F,76 %,29.67 in
2018-01-16 14:20:00,46 F,43 F,87 %,29.67 in
2018-01-16 14:50:00,46 F,43 F,87 %,29.67 in
2018-01-16 15:20:00,46 F,43 F,87 %,29.67 in
2018-01-16 15:50:00,46 F,45 F,93 %,29.64 in
2018-01-16 16:20:00,48 F,43 F,82 %,29.64 in
2018-01-16 16:50:00,48 F,43 F,82 %,29.64 in
2018-01-16 17:20:00,48 F,43 F,82 %,29.64 in
2018-01-16 17:50:00,48 F,43 F,82 %,29.64 in
2018-01-16 18:20:00,48 F,43 F,82 %,29.64 in
2018-01-16 18:42:00,48 F,43 F,82 %,29.64 in
2018-01-16 18:50:00,48 F,43 F,82 %,29.64 in
2018-01-16 19:20:00,48 F,43 F,82 %,29.61 in
2018-01-16 19:50:00,48 F,43 F,82 %,29.61 in
2018-01-16 20:20:00,48 F,41 F,76 %,29.61 in
2018-01-16 20:50:00,48 F,41 F,76 %,29.61 in
2018-01-16 21:20:00,48 F,41 F,76 %,29.58 in
2018-01-16 21:50:00,48 F,43 F,82 %,29.58 in
2018-01-16 22:20:00,48 F,43 F,82 %,29.58 in
2018-01-16 22:50:00,48 F,41 F,76 %,29.55 in
2018-01-16 23:20:00,48 F,41 F,76 %,29.58 in
2018-01-16 23:50:00,48 F,41 F,76 %,29.55 in
2018-01-17 00:20:00,48 F,41 F,76 %,29.55 in
2018-01-17 00:50:00,48 F,41 F,76 %,29.55 in
2018-01-17 01:20:00,48 F,41 F,76 %,29.55 in
2018-01-17 01:50:00,48 F,41 F,76 %,29.55 in
2018-01-17 02:20:00,48 F,43 F,82 %,29.55 in
2018-01-17 03:50:00,48 F,41 F,76 %,29.52 in
2018-01-17 04:20:00,50 F,43 F,76 %,29.52 in
2018-01-17 04:50:00,50 F,43 F,76 %,29.49 in
2018-01-17 05:20:00,50 F,43 F,76 %,29.49 in
2018-01-17 05:50:00,50 F,41 F,71 %,29.49 in
2018-01-17 06:20:00,48 F,41 F,76 %,29.49 in
2018-01-17 05:50:00,50 F,41 F,71 %,29.49 in
2018-01-17 06:20:00,48 F,41 F,76 %,29.49 in
2018-01-17 06:50:00,48 F,41 F,76 %,29.46 in
2018-01-17 07:20:00,48 F,41 F,76 %,29.46 in
2018-01-17 07:50:00,48 F,41 F,76 %,29.46 in
2018-01-17 08:20:00,50 F,41 F,71 %,29.46 in
2018-01-17 08:50:00,50 F,41 F,71 %,29.46 in
2018-01-17 09:20:00,50 F,41 F,71 %,29.46 in
2018-01-17 09:50:00,50 F,41 F,71 %,29.46 in
2018-01-17 10:20:00,54 F,43 F,67 %,29.46 in
2018-01-17 10:50:00,55 F,43 F,63 %,29.46 in
2018-01-17 11:20:00,55 F,43 F,63 %,29.43 in
2018-01-17 11:50:00,55 F,43 F,63 %,29.43 in
2018-01-17 12:20:00,55 F,45 F,67 %,29.43 in
2018-01-17 12:50:00,57 F,45 F,63 %,29.40 in
2018-01-17 13:20:00,57 F,43 F,59 %,29.37 in
2018-01-17 13:50:00,57 F,43 F,59 %,29.37 in
2018-01-17 14:20:00,57 F,43 F,59 %,29.34 in
2018-01-17 14:50:00,59 F,43 F,55 %,29.34 in
2018-01-17 15:20:00,57 F,43 F,59 %,29.32 in
2018-01-17 15:50:00,57 F,43 F,59 %,29.32 in
2018-01-17 16:20:00,57 F,41 F,55 %,29.29 in
2018-01-17 16:50:00,57 F,41 F,55 %,29.29 in
2018-01-17 17:20:00,55 F,41 F,58 %,29.26 in
2018-01-17 17:50:00,55 F,41 F,58 %,29.26 in
2018-01-17 18:11:00,55 F,41 F,58 %,29.23 in
2018-01-17 18:20:00,55 F,41 F,58 %,29.23 in
2018-01-17 18:50:00,55 F,43 F,63 %,29.23 in
2018-01-17 19:20:00,54 F,45 F,72 %,29.23 in
2018-01-17 19:50:00,52 F,43 F,71 %,29.20 in
2018-01-17 20:20:00,54 F,43 F,67 %,29.20 in
2018-01-17 20:50:00,52 F,45 F,76 %,29.17 in
2018-01-17 21:20:00,52 F,45 F,76 %,29.17 in
2018-01-17 21:41:00,50 F,45 F,82 %,29.14 in
2018-01-17 21:50:00,52 F,45 F,76 %,29.14 in
2018-01-17 22:20:00,52 F,45 F,76 %,29.14 in
2018-01-17 22:50:00,52 F,45 F,76 %,29.11 in
2018-01-17 23:20:00,54 F,43 F,67 %,29.08 in
2018-01-17 23:50:00,54 F,43 F,67 %,29.08 in
2018-01-18 00:20:00,54 F,43 F,67 %,29.05 in
2018-01-18 00:50:00,54 F,43 F,67 %,29.05 in
2018-01-18 01:20:00,55 F,43 F,63 %,29.02 in
2018-01-18 01:50:00,59 F,43 F,55 %,28.99 in
2018-01-18 02:05:00,57 F,43 F,59 %,28.99 in
2018-01-18 02:20:00,57 F,43 F,59 %,28.99 in
2018-01-18 03:50:00,55 F,43 F,63 %,28.97 in
2018-01-18 04:02:00,55 F,43 F,63 %,28.97 in
2018-01-18 04:20:00,55 F,45 F,67 %,28.97 in
2018-01-18 04:50:00,55 F,45 F,67 %,28.94 in
2018-01-18 05:20:00,55 F,45 F,67 %,28.91 in
2018-01-18 05:50:00,55 F,45 F,67 %,28.91 in
2018-01-18 06:20:00,55 F,46 F,72 %,28.88 in
2018-01-18 05:50:00,52 F,48 F,88 %,28.91 in
2018-01-18 06:04:00,48 F,46 F,93 %,28.91 in
2018-01-18 06:20:00,48 F,46 F,93 %,28.91 in
2018-01-18 06:37:00,48 F,45 F,87 %,28.91 in
2018-01-18 06:50:00,46 F,41 F,81 %,28.94 in
2018-01-18 07:07:00,43 F,39 F,87 %,28.97 in
2018-01-18 07:20:00,43 F,39 F,87 %,28.97 in
2018-01-18 07:50:00,43 F,37 F,81 %,28.97 in
2018-01-18 08:20:00,43 F,36 F,76 %,28.99 in
2018-01-18 08:50:00,43 F,37 F,81 %,29.02 in
2018-01-18 09:20:00,43 F,37 F,81 %,29.05 in
2018-01-18 09:50:00,41 F,36 F,81 %,29.08 in
2018-01-18 10:20:00,41 F,36 F,81 %,29.11 in
2018-01-18 10:50:00,41 F,36 F,81 %,29.14 in
2018-01-18 11:20:00,41 F,36 F,81 %,29.17 in
2018-01-18 11:50:00,41 F,36 F,81 %,29.20 in
2018-01-18 12:20:00,41 F,36 F,81 %,29.20 in
2018-01-18 12:50:00,39 F,34 F,81 %,29.23 in
2018-01-18 13:20:00,39 F,34 F,81 %,29.23 in
2018-01-18 13:50:00,39 F,34 F,81 %,29.23 in
2018-01-18 14:20:00,39 F,34 F,81 %,29.26 in
2018-01-18 14:50:00,39 F,36 F,87 %,29.29 in
2018-01-18 15:20:00,39 F,36 F,87 %,29.32 in
2018-01-18 15:50:00,39 F,36 F,87 %,29.34 in
2018-01-18 16:20:00,39 F,36 F,87 %,29.37 in
2018-01-18 16:50:00,39 F,36 F,87 %,29.37 in
2018-01-18 17:20:00,39 F,36 F,87 %,29.40 in
2018-01-18 17:50:00,41 F,36 F,81 %,29.40 in
2018-01-18 18:20:00,41 F,34 F,76 %,29.43 in
2018-01-18 18:50:00,43 F,34 F,70 %,29.43 in
2018-01-18 19:20:00,41 F,34 F,76 %,29.46 in
2018-01-18 19:50:00,43 F,32 F,66 %,29.46 in
2018-01-18 20:20:00,43 F,32 F,66 %,29.46 in
2018-01-18 20:50:00,43 F,32 F,66 %,29.49 in
2018-01-18 21:20:00,41 F,30 F,65 %,29.49 in
2018-01-18 21:50:00,41 F,30 F,65 %,29.52 in
2018-01-18 22:20:00,41 F,28 F,61 %,29.52 in
2018-01-18 22:50:00,41 F,28 F,61 %,29.52 in
2018-01-18 23:20:00,39 F,28 F,65 %,29.55 in
2018-01-18 23:50:00,39 F,28 F,65 %,29.55 in
2018-01-19 00:20:00,39 F,28 F,65 %,29.55 in
2018-01-19 00:50:00,39 F,28 F,65 %,29.55 in
2018-01-19 01:20:00,39 F,28 F,65 %,29.55 in
2018-01-19 01:50:00,39 F,28 F,65 %,29.55 in
2018-01-19 02:20:00,39 F,28 F,65 %,29.58 in
2018-01-19 03:50:00,39 F,28 F,65 %,29.58 in
2018-01-19 04:20:00,39 F,28 F,65 %,29.58 in
2018-01-19 04:50:00,37 F,28 F,70 %,29.58 in
2018-01-19 05:20:00,37 F,28 F,70 %,29.58 in
2018-01-19 05:50:00,37 F,27 F,65 %,29.58 in
2018-01-19 06:20:00,37 F,28 F,70 %,29.58 in
2018-01-19 05:50:00,37 F,28 F,70 %,29.61 in
2018-01-19 06:20:00,36 F,28 F,75 %,29.61 in
2018-01-19 06:50:00,36 F,28 F,75 %,29.61 in
2018-01-19 07:20:00,34 F,27 F,75 %,29.61 in
2018-01-19 07:50:00,36 F,28 F,75 %,29.64 in
2018-01-19 08:20:00,39 F,28 F,65 %,29.64 in
2018-01-19 08:50:00,43 F,28 F,57 %,29.64 in
2018-01-19 09:20:00,43 F,30 F,61 %,29.64 in
2018-01-19 09:50:00,45 F,28 F,53 %,29.64 in
2018-01-19 10:20:00,45 F,27 F,49 %,29.64 in
2018-01-19 10:50:00,46 F,27 F,46 %,29.64 in
2018-01-19 11:20:00,46 F,27 F,46 %,29.67 in
2018-01-19 11:50:00,46 F,27 F,46 %,29.67 in
2018-01-19 12:20:00,46 F,25 F,43 %,29.67 in
2018-01-19 12:50:00,48 F,27 F,43 %,29.67 in
2018-01-19 13:20:00,48 F,25 F,40 %,29.67 in
2018-01-19 13:50:00,48 F,25 F,40 %,29.67 in
2018-01-19 14:20:00,50 F,28 F,43 %,29.67 in
2018-01-19 14:50:00,50 F,27 F,40 %,29.67 in
2018-01-19 15:20:00,50 F,27 F,40 %,29.67 in
2018-01-19 15:50:00,50 F,27 F,40 %,29.67 in
2018-01-19 16:20:00,50 F,28 F,43 %,29.67 in
2018-01-19 16:50:00,50 F,28 F,43 %,29.70 in
2018-01-19 17:20:00,48 F,28 F,46 %,29.70 in
2018-01-19 17:50:00,46 F,28 F,50 %,29.70 in
2018-01-19 18:20:00,46 F,30 F,53 %,29.70 in
2018-01-19 18:50:00,45 F,30 F,57 %,29.70 in
2018-01-19 19:20:00,45 F,32 F,61 %,29.67 in
2018-01-19 19:50:00,45 F,28 F,53 %,29.67 in
2018-01-19 20:20:00,45 F,30 F,57 %,29.67 in
2018-01-19 20:50:00,45 F,28 F,53 %,29.67 in
2018-01-19 21:20:00,45 F,28 F,53 %,29.67 in
2018-01-19 21:50:00,43 F,27 F,53 %,29.70 in
2018-01-19 22:20:00,43 F,28 F,57 %,29.67 in
2018-01-19 22:50:00,41 F,28 F,61 %,29.70 in
2018-01-19 23:20:00,41 F,28 F,61 %,29.67 in
2018-01-19 23:50:00,39 F,28 F,65 %,29.67 in
2018-01-20 00:20:00,39 F,28 F,65 %,29.67 in
2018-01-20 00:50:00,39 F,28 F,65 %,29.67 in
2018-01-20 01:20:00,39 F,30 F,70 %,29.67 in
2018-01-20 01:50:00,41 F,30 F,65 %,29.67 in
2018-01-20 02:20:00,41 F,30 F,65 %,29.67 in
2018-01-20 03:50:00,39 F,28 F,65 %,29.67 in
2018-01-20 04:20:00,39 F,30 F,70 %,29.67 in
2018-01-20 04:50:00,37 F,28 F,70 %,29.67 in
2018-01-20 05:20:00,39 F,28 F,65 %,29.67 in
2018-01-20 05:50:00,43 F,27 F,53 %,29.67 in
2018-01-20 06:20:00,43 F,23 F,46 %,29.67 in
2018-01-20 05:50:00,43 F,23 F,46 %,29.67 in
2018-01-20 06:20:00,43 F,25 F,49 %,29.64 in
2018-01-20 06:50:00,43 F,25 F,49 %,29.67 in
2018-01-20 07:20:00,43 F,23 F,46 %,29.64 in
2018-01-20 07:50:00,43 F,23 F,46 %,29.64 in
2018-01-20 08:20:00,45 F,23 F,43 %,29.64 in
2018-01-20 08:50:00,45 F,25 F,46 %,29.67 in
2018-01-20 09:20:00,46 F,25 F,43 %,29.64 in
2018-01-20 09:50:00,48 F,27 F,43 %,29.64 in
2018-01-20 10:20:00,50 F,27 F,40 %,29.64 in
2018-01-20 10:50:00,50 F,27 F,40 %,29.64 in
2018-01-20 11:20:00,52 F,28 F,41 %,29.64 in
2018-01-20 11:50:00,52 F,32 F,47 %,29.64 in
2018-01-20 12:20:00,54 F,30 F,41 %,29.64 in
2018-01-20 12:50:00,54 F,30 F,41 %,29.61 in
2018-01-20 13:20:00,54 F,32 F,44 %,29.61 in
2018-01-20 13:50:00,55 F,34 F,44 %,29.61 in
2018-01-20 14:20:00,57 F,36 F,44 %,29.58 in
2018-01-20 14:50:00,57 F,37 F,48 %,29.58 in
2018-01-20 15:20:00,55 F,37 F,51 %,29.58 in
2018-01-20 15:50:00,55 F,36 F,47 %,29.58 in
2018-01-20 16:20:00,55 F,36 F,47 %,29.58 in
2018-01-20 16:50:00,55 F,36 F,47 %,29.58 in
2018-01-20 17:20:00,55 F,36 F,47 %,29.55 in
2018-01-20 17:50:00,54 F,34 F,47 %,29.55 in
2018-01-20 18:20:00,54 F,36 F,51 %,29.55 in
2018-01-20 18:50:00,55 F,34 F,44 %,29.55 in
2018-01-20 19:20:00,55 F,36 F,47 %,29.55 in
2018-01-20 19:50:00,54 F,36 F,51 %,29.55 in
2018-01-20 20:20:00,54 F,37 F,54 %,29.52 in
2018-01-20 20:50:00,54 F,36 F,51 %,29.52 in
2018-01-20 21:17:00,54 F,36 F,51 %,29.52 in
2018-01-20 21:20:00,54 F,36 F,51 %,29.52 in
2018-01-20 21:42:00,54 F,39 F,58 %,29.52 in
2018-01-20 21:50:00,54 F,39 F,58 %,29.52 in
2018-01-20 22:20:00,54 F,39 F,58 %,29.49 in
2018-01-20 22:50:00,54 F,41 F,62 %,29.49 in
2018-01-20 23:20:00,54 F,39 F,58 %,29.49 in
2018-01-20 23:50:00,54 F,41 F,62 %,29.49 in
2018-01-20 00:07:00,55 F,43 F,63 %,29.49 in
2018-01-21 00:20:00,55 F,43 F,63 %,29.49 in
2018-01-21 00:50:00,55 F,45 F,67 %,29.49 in
2018-01-21 00:59:00,55 F,45 F,67 %,29.49 in
2018-01-21 01:20:00,55 F,46 F,72 %,29.49 in
2018-01-21 01:50:00,55 F,46 F,72 %,29.49 in
2018-01-21 02:07:00,55 F,46 F,72 %,29.49 in
2018-01-21 02:20:00,55 F,46 F,72 %,29.49 in
2018-01-21 03:50:00,55 F,46 F,72 %,29.49 in
2018-01-21 04:06:00,54 F,46 F,77 %,29.55 in
2018-01-21 04:09:00,50 F,45 F,82 %,29.55 in
2018-01-21 04:20:00,46 F,41 F,81 %,29.55 in
2018-01-21 04:50:00,43 F,39 F,87 %,29.58 in
2018-01-21 05:20:00,43 F,41 F,93 %,29.58 in
2018-01-21 05:50:00,43 F,41 F,93 %,29.58 in
2018-01-21 06:20:00,41 F,39 F,93 %,29.61 in
2018-01-21 05:50:00,41 F,39 F,93 %,29.61 in
2018-01-21 06:20:00,41 F,41 F,100 %,29.61 in
2018-01-21 06:50:00,41 F,39 F,93 %,29.61 in
2018-01-21 07:20:00,43 F,41 F,93 %,29.61 in
2018-01-21 07:25:00,43 F,41 F,93 %,29.61 in
2018-01-21 07:50:00,43 F,41 F,93 %,29.61 in
2018-01-21 08:20:00,43 F,41 F,93 %,29.61 in
2018-01-21 08:35:00,43 F,41 F,93 %,29.61 in
2018-01-21 08:50:00,43 F,41 F,93 %,29.61 in
2018-01-21 09:20:00,43 F,41 F,93 %,29.61 in
2018-01-21 09:50:00,45 F,41 F,87 %,29.61 in
2018-01-21 10:13:00,45 F,41 F,87 %,29.61 in
2018-01-21 10:20:00,45 F,41 F,87 %,29.61 in
2018-01-21 10:50:00,45 F,41 F,87 %,29.61 in
2018-01-21 11:20:00,45 F,43 F,93 %,29.58 in
2018-01-21 11:50:00,45 F,43 F,93 %,29.55 in
2018-01-21 12:20:00,45 F,43 F,93 %,29.55 in
2018-01-21 12:50:00,45 F,43 F,93 %,29.52 in
2018-01-21 13:20:00,46 F,43 F,87 %,29.52 in
2018-01-21 13:50:00,46 F,45 F,93 %,29.52 in
2018-01-21 14:20:00,46 F,45 F,93 %,29.49 in
2018-01-21 14:50:00,46 F,45 F,93 %,29.46 in
2018-01-21 15:20:00,46 F,46 F,100 %,29.46 in
2018-01-21 15:50:00,48 F,46 F,93 %,29.46 in
2018-01-21 16:20:00,48 F,46 F,93 %,29.43 in
2018-01-21 16:50:00,48 F,46 F,93 %,29.43 in
2018-01-21 17:20:00,50 F,46 F,87 %,29.40 in
2018-01-21 17:50:00,50 F,46 F,87 %,29.40 in
2018-01-21 18:20:00,50 F,46 F,87 %,29.37 in
2018-01-21 18:50:00,50 F,46 F,87 %,29.37 in
2018-01-21 19:20:00,50 F,46 F,87 %,29.37 in
2018-01-21 19:50:00,50 F,46 F,87 %,29.34 in
2018-01-21 20:20:00,50 F,45 F,82 %,29.34 in
2018-01-21 20:50:00,50 F,45 F,82 %,29.32 in
2018-01-21 21:20:00,50 F,45 F,82 %,29.32 in
2018-01-21 21:50:00,50 F,45 F,82 %,29.32 in
2018-01-21 22:20:00,50 F,45 F,82 %,29.29 in
2018-01-21 22:50:00,50 F,45 F,82 %,29.29 in
2018-01-21 23:07:00,50 F,45 F,82 %,29.29 in
2018-01-21 23:20:00,50 F,45 F,82 %,29.29 in
2018-01-21 23:44:00,50 F,45 F,82 %,29.26 in
2018-01-21 23:50:00,50 F,45 F,82 %,29.26 in
2018-01-22 00:20:00,48 F,45 F,87 %,29.26 in
2018-01-22 00:50:00,50 F,43 F,76 %,29.23 in
2018-01-22 01:20:00,50 F,43 F,76 %,29.20 in
2018-01-22 01:50:00,48 F,43 F,82 %,29.20 in
2018-01-22 02:20:00,50 F,43 F,76 %,29.20 in
2018-01-22 03:50:00,54 F,43 F,67 %,29.20 in
2018-01-22 04:20:00,52 F,43 F,71 %,29.20 in
2018-01-22 04:50:00,46 F,43 F,87 %,29.20 in
2018-01-22 05:10:00,48 F,43 F,82 %,29.17 in
2018-01-22 05:20:00,46 F,43 F,87 %,29.17 in
2018-01-22 05:43:00,46 F,43 F,87 %,29.17 in
2018-01-22 05:50:00,46 F,43 F,87 %,29.17 in
2018-01-22 06:20:00,46 F,43 F,87 %,29.17 in
2018-01-22 05:50:00,46 F,43 F,87 %,29.17 in
2018-01-22 06:20:00,45 F,43 F,93 %,29.17 in
2018-01-22 06:50:00,46 F,45 F,93 %,29.17 in
2018-01-22 07:20:00,46 F,45 F,93 %,29.17 in
2018-01-22 07:50:00,46 F,45 F,93 %,29.17 in
2018-01-22 08:20:00,46 F,45 F,93 %,29.17 in
2018-01-22 08:50:00,48 F,45 F,87 %,29.17 in
2018-01-22 09:20:00,48 F,45 F,87 %,29.17 in
2018-01-22 09:50:00,48 F,45 F,87 %,29.17 in
2018-01-22 10:20:00,50 F,46 F,87 %,29.17 in
2018-01-22 10:50:00,50 F,46 F,87 %,29.17 in
2018-01-22 11:05:00,48 F,46 F,93 %,29.20 in
2018-01-22 11:20:00,48 F,46 F,93 %,29.20 in
2018-01-22 11:50:00,50 F,46 F,87 %,29.20 in
2018-01-22 12:20:00,48 F,46 F,93 %,29.17 in
2018-01-22 12:50:00,46 F,43 F,87 %,29.17 in
2018-01-22 13:20:00,45 F,41 F,87 %,29.20 in
2018-01-22 13:50:00,45 F,41 F,87 %,29.20 in
2018-01-22 14:20:00,43 F,41 F,93 %,29.20 in
2018-01-22 14:50:00,43 F,41 F,93 %,29.20 in
2018-01-22 15:20:00,43 F,41 F,93 %,29.23 in
2018-01-22 15:50:00,45 F,41 F,87 %,29.26 in
2018-01-22 16:20:00,45 F,41 F,87 %,29.26 in
2018-01-22 16:50:00,45 F,41 F,87 %,29.29 in
2018-01-22 17:20:00,45 F,43 F,93 %,29.29 in
2018-01-22 17:50:00,46 F,43 F,87 %,29.32 in
2018-01-22 18:20:00,45 F,41 F,87 %,29.32 in
2018-01-22 18:50:00,45 F,41 F,87 %,29.32 in
2018-01-22 19:20:00,45 F,41 F,87 %,29.32 in
2018-01-22 19:50:00,45 F,41 F,87 %,29.34 in
2018-01-22 20:20:00,43 F,41 F,93 %,29.34 in
2018-01-22 20:50:00,43 F,39 F,87 %,29.37 in
2018-01-22 21:20:00,43 F,39 F,87 %,29.37 in
2018-01-22 21:50:00,43 F,39 F,87 %,29.40 in
2018-01-22 22:20:00,41 F,39 F,93 %,29.40 in
2018-01-22 22:50:00,41 F,37 F,87 %,29.43 in
2018-01-22 23:20:00,41 F,37 F,87 %,29.43 in
2018-01-22 23:50:00,41 F,37 F,87 %,29.46 in
2018-01-23 00:20:00,41 F,37 F,87 %,29.49 in
2018-01-23 00:50:00,41 F,37 F,87 %,29.49 in
2018-01-23 01:20:00,41 F,37 F,87 %,29.49 in
2018-01-23 01:50:00,41 F,37 F,87 %,29.52 in
2018-01-23 02:20:00,41 F,37 F,87 %,29.52 in
2018-01-23 03:50:00,39 F,37 F,93 %,29.55 in
2018-01-23 04:20:00,39 F,36 F,87 %,29.55 in
2018-01-23 04:50:00,39 F,36 F,87 %,29.55 in
2018-01-23 05:20:00,39 F,36 F,87 %,29.55 in
2018-01-23 05:50:00,39 F,36 F,87 %,29.58 in
2018-01-23 06:20:00,39 F,36 F,87 %,29.58 in
2018-01-23 05:50:00,39 F,36 F,87 %,29.61 in
2018-01-23 06:20:00,39 F,36 F,87 %,29.61 in
2018-01-23 06:50:00,39 F,34 F,81 %,29.64 in
2018-01-23 07:20:00,39 F,34 F,81 %,29.64 in
2018-01-23 07:50:00,39 F,34 F,81 %,29.67 in
2018-01-23 08:20:00,39 F,34 F,81 %,29.67 in
2018-01-23 08:50:00,39 F,34 F,81 %,29.67 in
2018-01-23 09:20:00,39 F,34 F,81 %,29.67 in
2018-01-23 09:50:00,39 F,34 F,81 %,29.70 in
2018-01-23 10:20:00,41 F,34 F,76 %,29.70 in
2018-01-23 10:50:00,41 F,34 F,76 %,29.72 in
2018-01-23 11:20:00,41 F,34 F,76 %,29.72 in
2018-01-23 11:50:00,41 F,34 F,76 %,29.72 in
2018-01-23 12:20:00,41 F,32 F,70 %,29.72 in
2018-01-23 12:50:00,41 F,34 F,76 %,29.72 in
2018-01-23 13:00:00,41 F,34 F,76 %,29.72 in
2018-01-23 13:20:00,39 F,34 F,81 %,29.75 in
2018-01-23 13:50:00,41 F,36 F,81 %,29.75 in
2018-01-23 14:20:00,41 F,32 F,70 %,29.75 in
2018-01-23 14:50:00,41 F,34 F,76 %,29.75 in
2018-01-23 15:20:00,39 F,34 F,81 %,29.75 in
2018-01-23 15:50:00,41 F,32 F,70 %,29.78 in
2018-01-23 16:20:00,39 F,32 F,75 %,29.78 in
2018-01-23 16:50:00,39 F,30 F,70 %,29.81 in
2018-01-23 17:20:00,39 F,30 F,70 %,29.81 in
2018-01-23 17:50:00,39 F,30 F,70 %,29.84 in
2018-01-23 18:20:00,39 F,28 F,65 %,29.84 in
2018-01-23 18:50:00,39 F,30 F,70 %,29.84 in
2018-01-23 19:20:00,39 F,30 F,70 %,29.87 in
2018-01-23 19:50:00,39 F,30 F,70 %,29.87 in
2018-01-23 20:20:00,39 F,30 F,70 %,29.87 in
2018-01-23 20:50:00,39 F,30 F,70 %,29.87 in
2018-01-23 21:20:00,39 F,30 F,70 %,29.90 in
2018-01-23 21:50:00,39 F,30 F,70 %,29.90 in
2018-01-23 22:20:00,39 F,28 F,65 %,29.90 in
2018-01-23 22:50:00,39 F,28 F,65 %,29.90 in
2018-01-23 23:20:00,39 F,28 F,65 %,29.90 in
2018-01-23 23:50:00,39 F,28 F,65 %,29.93 in
2018-01-24 00:20:00,39 F,28 F,65 %,29.93 in
2018-01-24 00:50:00,37 F,27 F,65 %,29.93 in
2018-01-24 01:20:00,37 F,27 F,65 %,29.93 in
2018-01-24 01:50:00,37 F,27 F,65 %,29.93 in
2018-01-24 02:20:00,37 F,25 F,60 %,29.93 in
2018-01-24 03:50:00,37 F,27 F,65 %,29.96 in
2018-01-24 04:20:00,37 F,27 F,65 %,29.96 in
2018-01-24 04:50:00,37 F,28 F,70 %,29.93 in
2018-01-24 05:20:00,37 F,28 F,70 %,29.93 in
2018-01-24 05:50:00,37 F,28 F,70 %,29.96 in
2018-01-24 06:00:00,37 F,28 F,70 %,29.96 in
2018-01-24 06:20:00,37 F,28 F,70 %,29.96 in
2018-01-24 05:50:00,37 F,28 F,70 %,29.96 in
2018-01-24 06:20:00,37 F,28 F,70 %,29.96 in
2018-01-24 06:50:00,37 F,28 F,70 %,29.96 in
2018-01-24 07:20:00,37 F,28 F,70 %,29.99 in
2018-01-24 07:33:00,37 F,28 F,70 %,29.99 in
2018-01-24 07:50:00,37 F,30 F,75 %,29.99 in
2018-01-24 08:20:00,37 F,28 F,70 %,29.99 in
2018-01-24 08:50:00,37 F,30 F,75 %,30.02 in
2018-01-24 09:20:00,37 F,30 F,75 %,30.02 in
2018-01-24 09:37:00,37 F,30 F,75 %,30.02 in
2018-01-24 09:50:00,37 F,30 F,75 %,30.02 in
2018-01-24 10:20:00,39 F,30 F,70 %,30.05 in
2018-01-24 10:26:00,39 F,30 F,70 %,30.05 in
2018-01-24 10:50:00,37 F,32 F,81 %,30.05 in
2018-01-24 10:58:00,39 F,32 F,75 %,30.05 in
2018-01-24 11:20:00,39 F,32 F,75 %,30.05 in
2018-01-24 11:33:00,36 F,32 F,87 %,30.05 in
2018-01-24 11:42:00,36 F,34 F,93 %,30.05 in
2018-01-24 11:50:00,34 F,32 F,93 %,30.05 in
2018-01-24 11:57:00,36 F,36 F,100 %,30.05 in
2018-01-24 12:20:00,36 F,34 F,93 %,30.05 in
2018-01-24 12:50:00,37 F,34 F,87 %,30.05 in
2018-01-24 13:20:00,39 F,34 F,81 %,30.05 in
2018-01-24 13:50:00,41 F,32 F,70 %,30.02 in
2018-01-24 14:20:00,41 F,34 F,76 %,30.02 in
2018-01-24 14:50:00,39 F,32 F,75 %,30.02 in
2018-01-24 15:01:00,41 F,32 F,70 %,30.02 in
2018-01-24 15:20:00,37 F,30 F,75 %,30.02 in
2018-01-24 15:50:00,41 F,28 F,61 %,30.05 in
2018-01-24 16:20:00,39 F,30 F,70 %,30.05 in
2018-01-24 16:50:00,37 F,30 F,75 %,30.05 in
2018-01-24 17:20:00,37 F,27 F,65 %,30.05 in
2018-01-24 17:50:00,37 F,28 F,70 %,30.05 in
2018-01-24 18:20:00,37 F,30 F,75 %,30.07 in
2018-01-24 18:50:00,36 F,30 F,81 %,30.07 in
2018-01-24 19:20:00,36 F,28 F,75 %,30.07 in
2018-01-24 19:50:00,37 F,27 F,65 %,30.07 in
2018-01-24 20:20:00,37 F,27 F,65 %,30.07 in
2018-01-24 20:50:00,36 F,28 F,75 %,30.10 in
2018-01-24 21:20:00,36 F,25 F,65 %,30.10 in
2018-01-24 21:50:00,36 F,23 F,60 %,30.10 in
2018-01-24 22:20:00,36 F,25 F,65 %,30.10 in
2018-01-24 22:50:00,36 F,23 F,60 %,30.10 in
2018-01-24 23:20:00,37 F,23 F,56 %,30.07 in
2018-01-24 23:50:00,36 F,23 F,60 %,30.07 in
2018-01-25 00:20:00,36 F,21 F,56 %,30.07 in
2018-01-25 00:50:00,37 F,21 F,52 %,30.07 in
2018-01-25 01:20:00,37 F,21 F,52 %,30.07 in
2018-01-25 01:50:00,37 F,21 F,52 %,30.05 in
2018-01-25 02:20:00,37 F,21 F,52 %,30.05 in
2018-01-25 03:50:00,37 F,23 F,56 %,30.07 in
2018-01-25 04:20:00,37 F,23 F,56 %,30.07 in
2018-01-25 04:50:00,37 F,21 F,52 %,30.05 in
2018-01-25 05:20:00,37 F,23 F,56 %,30.05 in
2018-01-25 05:50:00,37 F,19 F,48 %,30.05 in
2018-01-25 06:20:00,37 F,19 F,48 %,30.05 in
2018-01-25 05:50:00,37 F,23 F,56 %,30.05 in
2018-01-25 06:20:00,37 F,23 F,56 %,30.05 in
2018-01-25 06:50:00,37 F,23 F,56 %,30.05 in
2018-01-25 07:20:00,37 F,21 F,52 %,30.05 in
2018-01-25 07:50:00,37 F,19 F,48 %,30.05 in
2018-01-25 08:20:00,37 F,19 F,48 %,30.05 in
2018-01-25 08:50:00,37 F,21 F,52 %,30.05 in
2018-01-25 09:04:00,37 F,21 F,52 %,30.05 in
2018-01-25 09:13:00,37 F,23 F,56 %,30.05 in
2018-01-25 09:20:00,37 F,23 F,56 %,30.05 in
2018-01-25 09:50:00,37 F,25 F,60 %,30.05 in
2018-01-25 10:20:00,37 F,21 F,52 %,30.05 in
2018-01-25 10:50:00,41 F,19 F,42 %,30.05 in
2018-01-25 11:20:00,39 F,23 F,52 %,30.05 in
2018-01-25 11:50:00,41 F,19 F,42 %,30.05 in
2018-01-25 12:20:00,39 F,21 F,49 %,30.02 in
2018-01-25 12:50:00,39 F,23 F,52 %,30.02 in
2018-01-25 13:20:00,39 F,21 F,49 %,30.02 in
2018-01-25 13:50:00,41 F,23 F,49 %,29.99 in
2018-01-25 14:20:00,39 F,21 F,49 %,29.99 in
2018-01-25 14:50:00,41 F,23 F,49 %,29.99 in
2018-01-25 15:20:00,41 F,21 F,45 %,29.99 in
2018-01-25 15:50:00,39 F,21 F,49 %,29.99 in
2018-01-25 16:20:00,39 F,21 F,49 %,29.99 in
2018-01-25 16:50:00,39 F,21 F,49 %,29.99 in
2018-01-25 17:20:00,37 F,23 F,56 %,29.99 in
2018-01-25 17:50:00,37 F,25 F,60 %,29.96 in
2018-01-25 18:20:00,37 F,25 F,60 %,29.96 in
2018-01-25 18:37:00,37 F,25 F,60 %,29.99 in
2018-01-25 18:50:00,37 F,25 F,60 %,29.96 in
2018-01-25 19:00:00,37 F,25 F,60 %,29.96 in
2018-01-25 19:20:00,37 F,27 F,65 %,29.96 in
2018-01-25 19:50:00,37 F,27 F,65 %,29.99 in
2018-01-25 20:09:00,37 F,30 F,75 %,29.99 in
2018-01-25 20:17:00,36 F,30 F,81 %,29.99 in
2018-01-25 20:20:00,34 F,30 F,87 %,29.99 in
2018-01-25 20:38:00,34 F,32 F,93 %,29.99 in
2018-01-25 20:50:00,36 F,32 F,87 %,29.99 in
2018-01-25 21:14:00,34 F,32 F,93 %,29.99 in
2018-01-25 21:20:00,34 F,32 F,93 %,29.99 in
2018-01-25 21:50:00,34 F,32 F,93 %,29.99 in
2018-01-25 22:20:00,34 F,32 F,93 %,29.99 in
2018-01-25 22:50:00,34 F,32 F,93 %,29.99 in
2018-01-25 23:20:00,34 F,30 F,87 %,29.99 in
2018-01-25 23:50:00,34 F,27 F,75 %,29.96 in
2018-01-26 00:20:00,34 F,25 F,70 %,29.96 in
2018-01-26 00:50:00,34 F,23 F,65 %,29.96 in
2018-01-26 01:20:00,34 F,23 F,65 %,29.96 in
2018-01-26 01:50:00,34 F,23 F,65 %,29.96 in
2018-01-26 02:20:00,34 F,23 F,65 %,29.96 in
2018-01-26 03:50:00,34 F,23 F,65 %,29.96 in
2018-01-26 04:20:00,34 F,23 F,65 %,29.96 in
2018-01-26 04:50:00,34 F,23 F,65 %,29.96 in
2018-01-26 05:20:00,34 F,23 F,65 %,29.96 in
2018-01-26 05:50:00,34 F,23 F,65 %,29.96 in
2018-01-26 06:20:00,34 F,23 F,65 %,29.96 in
2018-01-26 05:50:00,34 F,23 F,65 %,29.96 in
2018-01-26 06:20:00,34 F,23 F,65 %,29.96 in
2018-01-26 06:50:00,36 F,23 F,60 %,29.96 in
2018-01-26 07:20:00,36 F,25 F,65 %,29.96 in
2018-01-26 07:50:00,36 F,25 F,65 %,29.96 in
2018-01-26 08:20:00,36 F,25 F,65 %,29.96 in
2018-01-26 08:50:00,37 F,25 F,60 %,29.96 in
2018-01-26 09:20:00,37 F,27 F,65 %,29.96 in
2018-01-26 09:44:00,37 F,27 F,65 %,29.99 in
2018-01-26 09:50:00,36 F,27 F,70 %,29.99 in
2018-01-26 10:20:00,37 F,28 F,70 %,29.99 in
2018-01-26 10:50:00,36 F,32 F,87 %,29.99 in
2018-01-26 11:20:00,37 F,30 F,75 %,29.99 in
2018-01-26 11:50:00,39 F,30 F,70 %,29.99 in
2018-01-26 12:20:00,39 F,27 F,61 %,29.96 in
2018-01-26 12:50:00,39 F,25 F,56 %,29.96 in
2018-01-26 13:20:00,41 F,25 F,53 %,29.96 in
2018-01-26 13:50:00,41 F,25 F,53 %,29.96 in
2018-01-26 14:20:00,41 F,25 F,53 %,29.96 in
2018-01-26 14:50:00,41 F,25 F,53 %,29.96 in
2018-01-26 15:20:00,39 F,27 F,61 %,29.96 in
2018-01-26 15:50:00,39 F,25 F,56 %,29.96 in
2018-01-26 16:20:00,39 F,23 F,52 %,29.96 in
2018-01-26 16:50:00,39 F,23 F,52 %,29.96 in
2018-01-26 17:20:00,39 F,23 F,52 %,29.99 in
2018-01-26 17:50:00,39 F,27 F,61 %,29.99 in
2018-01-26 18:20:00,37 F,27 F,65 %,29.99 in
2018-01-26 18:50:00,36 F,32 F,87 %,30.02 in
2018-01-26 19:20:00,36 F,32 F,87 %,30.02 in
2018-01-26 19:50:00,36 F,32 F,87 %,30.02 in
2018-01-26 20:20:00,36 F,30 F,81 %,30.02 in
2018-01-26 20:42:00,36 F,32 F,87 %,30.02 in
2018-01-26 20:50:00,36 F,32 F,87 %,30.02 in
2018-01-26 20:54:00,34 F,32 F,93 %,30.02 in
2018-01-26 21:11:00,36 F,32 F,87 %,30.02 in
2018-01-26 21:20:00,36 F,32 F,87 %,30.02 in
2018-01-26 21:50:00,36 F,30 F,81 %,30.02 in
2018-01-26 22:20:00,36 F,30 F,81 %,30.02 in
2018-01-26 22:50:00,36 F,30 F,81 %,30.02 in
2018-01-26 22:56:00,36 F,30 F,81 %,30.02 in
2018-01-26 23:20:00,36 F,30 F,81 %,30.05 in
2018-01-26 23:50:00,36 F,30 F,81 %,30.05 in
2018-01-27 00:20:00,36 F,30 F,81 %,30.05 in
2018-01-27 00:50:00,36 F,30 F,81 %,30.05 in
2018-01-27 01:20:00,36 F,30 F,81 %,30.05 in
2018-01-27 01:50:00,36 F,30 F,81 %,30.05 in
2018-01-27 02:20:00,36 F,30 F,81 %,30.05 in
2018-01-27 03:50:00,36 F,30 F,81 %,30.05 in
2018-01-27 04:20:00,36 F,30 F,81 %,30.05 in
2018-01-27 04:50:00,36 F,30 F,81 %,30.05 in
2018-01-27 05:20:00,36 F,30 F,81 %,30.05 in
2018-01-27 05:50:00,36 F,30 F,81 %,30.05 in
2018-01-27 06:20:00,36 F,30 F,81 %,30.05 in
2018-01-27 05:50:00,36 F,30 F,81 %,30.05 in
2018-01-27 06:20:00,36 F,30 F,81 %,30.07 in
2018-01-27 06:50:00,37 F,30 F,75 %,30.07 in
2018-01-27 07:20:00,37 F,30 F,75 %,30.07 in
2018-01-27 07:50:00,37 F,30 F,75 %,30.07 in
2018-01-27 08:20:00,37 F,30 F,75 %,30.10 in
2018-01-27 08:50:00,37 F,32 F,81 %,30.10 in
2018-01-27 09:20:00,37 F,32 F,81 %,30.10 in
2018-01-27 09:50:00,37 F,32 F,81 %,30.10 in
2018-01-27 10:20:00,37 F,32 F,81 %,30.13 in
2018-01-27 10:50:00,39 F,32 F,75 %,30.13 in
2018-01-27 11:20:00,39 F,32 F,75 %,30.13 in
2018-01-27 11:50:00,39 F,32 F,75 %,30.13 in
2018-01-27 12:20:00,39 F,32 F,75 %,30.13 in
2018-01-27 12:50:00,39 F,32 F,75 %,30.10 in
2018-01-27 13:20:00,39 F,32 F,75 %,30.10 in
2018-01-27 13:50:00,39 F,32 F,75 %,30.10 in
2018-01-27 14:20:00,41 F,32 F,70 %,30.10 in
2018-01-27 14:50:00,41 F,32 F,70 %,30.10 in
2018-01-27 15:20:00,41 F,32 F,70 %,30.10 in
2018-01-27 15:50:00,41 F,32 F,70 %,30.10 in
2018-01-27 16:20:00,41 F,32 F,70 %,30.13 in
2018-01-27 16:50:00,39 F,32 F,75 %,30.13 in
2018-01-27 17:20:00,39 F,32 F,75 %,30.13 in
2018-01-27 17:50:00,39 F,32 F,75 %,30.13 in
2018-01-27 18:20:00,39 F,32 F,75 %,30.13 in
2018-01-27 18:50:00,39 F,32 F,75 %,30.13 in
2018-01-27 19:20:00,39 F,32 F,75 %,30.16 in
2018-01-27 19:50:00,41 F,32 F,70 %,30.16 in
2018-01-27 20:20:00,39 F,32 F,75 %,30.16 in
2018-01-27 20:50:00,39 F,30 F,70 %,30.16 in
2018-01-27 21:20:00,39 F,30 F,70 %,30.16 in
2018-01-27 21:50:00,37 F,30 F,75 %,30.16 in
2018-01-27 22:20:00,37 F,30 F,75 %,30.16 in
2018-01-27 22:50:00,37 F,30 F,75 %,30.16 in
2018-01-27 23:20:00,37 F,30 F,75 %,30.16 in
2018-01-27 23:50:00,36 F,30 F,81 %,30.16 in
2018-01-28 00:20:00,34 F,30 F,87 %,30.16 in
2018-01-28 00:50:00,36 F,30 F,81 %,30.16 in
2018-01-28 01:20:00,34 F,30 F,87 %,30.16 in
2018-01-28 01:50:00,34 F,30 F,87 %,30.16 in
2018-01-28 02:20:00,36 F,28 F,75 %,30.16 in
2018-01-28 03:50:00,34 F,30 F,87 %,30.16 in
2018-01-28 04:20:00,34 F,28 F,81 %,30.16 in
2018-01-28 04:50:00,34 F,28 F,81 %,30.16 in
2018-01-28 05:20:00,34 F,28 F,81 %,30.13 in
2018-01-28 05:50:00,32 F,28 F,87 %,30.13 in
2018-01-28 06:20:00,32 F,28 F,87 %,30.13 in
2018-01-28 05:50:00,34 F,28 F,81 %,30.13 in
2018-01-28 06:20:00,32 F,28 F,87 %,30.13 in
2018-01-28 06:50:00,34 F,28 F,81 %,30.16 in
2018-01-28 07:20:00,34 F,28 F,81 %,30.16 in
2018-01-28 07:50:00,32 F,28 F,87 %,30.16 in
2018-01-28 08:20:00,36 F,30 F,81 %,30.16 in
2018-01-28 08:50:00,36 F,30 F,81 %,30.16 in
2018-01-28 09:20:00,37 F,30 F,75 %,30.16 in
2018-01-28 09:50:00,39 F,30 F,70 %,30.16 in
2018-01-28 10:20:00,41 F,30 F,65 %,30.16 in
2018-01-28 10:50:00,43 F,32 F,66 %,30.16 in
2018-01-28 11:20:00,45 F,32 F,61 %,30.16 in
2018-01-28 11:50:00,45 F,32 F,61 %,30.16 in
2018-01-28 12:20:00,45 F,32 F,61 %,30.16 in
2018-01-28 12:50:00,46 F,32 F,57 %,30.13 in
2018-01-28 13:20:00,46 F,32 F,57 %,30.13 in
2018-01-28 13:50:00,46 F,32 F,57 %,30.13 in
2018-01-28 14:20:00,46 F,34 F,62 %,30.13 in
2018-01-28 14:50:00,46 F,34 F,62 %,30.10 in
2018-01-28 15:20:00,46 F,34 F,62 %,30.10 in
2018-01-28 15:50:00,45 F,36 F,71 %,30.10 in
2018-01-28 16:20:00,45 F,36 F,71 %,30.10 in
2018-01-28 16:50:00,43 F,36 F,76 %,30.10 in
2018-01-28 17:20:00,43 F,34 F,70 %,30.10 in
2018-01-28 17:50:00,43 F,36 F,76 %,30.10 in
2018-01-28 18:20:00,41 F,37 F,87 %,30.10 in
2018-01-28 18:50:00,41 F,36 F,81 %,30.10 in
2018-01-28 19:20:00,41 F,37 F,87 %,30.10 in
2018-01-28 19:50:00,39 F,36 F,87 %,30.10 in
2018-01-28 20:20:00,39 F,36 F,87 %,30.10 in
2018-01-28 20:50:00,37 F,36 F,93 %,30.10 in
2018-01-28 21:20:00,37 F,36 F,93 %,30.10 in
2018-01-28 21:50:00,39 F,36 F,87 %,30.10 in
2018-01-28 22:20:00,37 F,36 F,93 %,30.10 in
2018-01-28 22:50:00,37 F,34 F,87 %,30.07 in
2018-01-28 23:20:00,37 F,34 F,87 %,30.10 in
2018-01-28 23:50:00,37 F,36 F,93 %,30.10 in
2018-01-29 00:20:00,36 F,34 F,93 %,30.07 in
2018-01-29 00:50:00,34 F,32 F,93 %,30.07 in
2018-01-29 01:20:00,34 F,32 F,93 %,30.07 in
2018-01-29 01:50:00,32 F,30 F,93 %,30.07 in
2018-01-29 02:20:00,34 F,32 F,93 %,30.07 in
2018-01-29 03:50:00,36 F,34 F,93 %,30.07 in
2018-01-29 04:20:00,36 F,34 F,93 %,30.07 in
2018-01-29 04:50:00,32 F,30 F,93 %,30.07 in
2018-01-29 05:20:00,32 F,30 F,93 %,30.07 in
2018-01-29 05:50:00,34 F,32 F,93 %,30.07 in
2018-01-29 06:20:00,32 F,30 F,93 %,30.07 in
2018-01-29 05:50:00,34 F,32 F,93 %,30.05 in
2018-01-29 06:20:00,36 F,34 F,93 %,30.05 in
2018-01-29 06:50:00,36 F,36 F,100 %,30.05 in
2018-01-29 07:20:00,36 F,34 F,93 %,30.05 in
2018-01-29 07:50:00,37 F,36 F,93 %,30.05 in
2018-01-29 08:20:00,37 F,36 F,93 %,30.05 in
2018-01-29 08:50:00,39 F,36 F,87 %,30.07 in
2018-01-29 09:20:00,41 F,37 F,87 %,30.05 in
2018-01-29 09:50:00,43 F,39 F,87 %,30.05 in
2018-01-29 10:20:00,43 F,39 F,87 %,30.07 in
2018-01-29 10:50:00,45 F,37 F,76 %,30.07 in
2018-01-29 11:20:00,45 F,37 F,76 %,30.07 in
2018-01-29 11:50:00,45 F,37 F,76 %,30.07 in
2018-01-29 12:20:00,46 F,39 F,76 %,30.05 in
2018-01-29 12:50:00,46 F,39 F,76 %,30.05 in
2018-01-29 13:20:00,46 F,39 F,76 %,30.05 in
2018-01-29 13:50:00,46 F,39 F,76 %,30.02 in
2018-01-29 14:20:00,48 F,37 F,66 %,30.02 in
2018-01-29 14:50:00,48 F,36 F,62 %,30.02 in
2018-01-29 15:20:00,48 F,36 F,62 %,30.02 in
2018-01-29 15:50:00,48 F,34 F,57 %,30.02 in
2018-01-29 16:20:00,48 F,37 F,66 %,29.99 in
2018-01-29 16:50:00,46 F,39 F,76 %,29.99 in
2018-01-29 17:20:00,45 F,39 F,81 %,29.99 in
2018-01-29 17:50:00,45 F,37 F,76 %,29.99 in
2018-01-29 18:20:00,43 F,37 F,81 %,29.99 in
2018-01-29 18:50:00,41 F,37 F,87 %,29.99 in
2018-01-29 19:20:00,43 F,39 F,87 %,29.99 in
2018-01-29 19:50:00,43 F,39 F,87 %,29.99 in
2018-01-29 20:20:00,43 F,39 F,87 %,29.99 in
2018-01-29 20:50:00,41 F,37 F,87 %,29.99 in
2018-01-29 21:20:00,41 F,39 F,93 %,29.99 in
2018-01-29 21:50:00,41 F,37 F,87 %,29.99 in
2018-01-29 22:20:00,41 F,37 F,87 %,29.99 in
2018-01-29 22:50:00,41 F,37 F,87 %,29.99 in
2018-01-29 23:20:00,39 F,37 F,93 %,29.99 in
2018-01-29 23:50:00,39 F,37 F,93 %,29.96 in
2018-01-30 00:20:00,41 F,39 F,93 %,29.96 in
2018-01-30 00:50:00,39 F,37 F,93 %,29.96 in
2018-01-30 01:20:00,39 F,37 F,93 %,29.96 in
2018-01-30 01:50:00,37 F,36 F,93 %,29.96 in
2018-01-30 02:20:00,39 F,36 F,87 %,29.96 in
2018-01-30 03:50:00,37 F,34 F,87 %,29.93 in
2018-01-30 04:20:00,39 F,36 F,87 %,29.93 in
2018-01-30 04:50:00,37 F,36 F,93 %,29.93 in
2018-01-30 05:20:00,37 F,36 F,93 %,29.93 in
2018-01-30 05:50:00,39 F,36 F,87 %,29.93 in
2018-01-30 06:20:00,39 F,36 F,87 %,29.93 in
2018-01-30 05:50:00,39 F,36 F,87 %,29.90 in
2018-01-30 06:20:00,39 F,36 F,87 %,29.90 in
2018-01-30 06:50:00,39 F,36 F,87 %,29.90 in
2018-01-30 07:20:00,39 F,36 F,87 %,29.90 in
2018-01-30 07:50:00,39 F,36 F,87 %,29.90 in
2018-01-30 08:20:00,39 F,37 F,93 %,29.90 in
2018-01-30 08:50:00,43 F,37 F,81 %,29.90 in
2018-01-30 09:20:00,45 F,37 F,76 %,29.90 in
2018-01-30 09:50:00,46 F,36 F,66 %,29.90 in
2018-01-30 10:20:00,48 F,37 F,66 %,29.90 in
2018-01-30 10:50:00,50 F,37 F,62 %,29.90 in
2018-01-30 11:20:00,52 F,36 F,54 %,29.90 in
2018-01-30 11:50:00,54 F,36 F,51 %,29.90 in
2018-01-30 12:20:00,54 F,36 F,51 %,29.87 in
2018-01-30 12:50:00,55 F,36 F,47 %,29.87 in
2018-01-30 13:20:00,55 F,34 F,44 %,29.84 in
2018-01-30 13:50:00,55 F,36 F,47 %,29.84 in
2018-01-30 14:20:00,55 F,36 F,47 %,29.84 in
2018-01-30 14:50:00,55 F,37 F,51 %,29.84 in
2018-01-30 15:20:00,54 F,36 F,51 %,29.84 in
2018-01-30 15:50:00,55 F,36 F,47 %,29.84 in
2018-01-30 16:20:00,55 F,36 F,47 %,29.81 in
2018-01-30 16:50:00,55 F,36 F,47 %,29.84 in
2018-01-30 17:20:00,52 F,36 F,54 %,29.84 in
2018-01-30 17:50:00,50 F,36 F,58 %,29.84 in
2018-01-30 18:20:00,48 F,39 F,71 %,29.84 in
2018-01-30 18:50:00,48 F,41 F,76 %,29.84 in
2018-01-30 19:20:00,48 F,41 F,76 %,29.84 in
2018-01-30 19:50:00,46 F,41 F,81 %,29.87 in
2018-01-30 20:20:00,46 F,41 F,81 %,29.84 in
2018-01-30 20:50:00,48 F,41 F,76 %,29.87 in
2018-01-30 21:20:00,48 F,39 F,71 %,29.87 in
2018-01-30 21:50:00,46 F,39 F,76 %,29.87 in
2018-01-30 22:20:00,46 F,39 F,76 %,29.87 in
2018-01-30 22:50:00,48 F,39 F,71 %,29.87 in
2018-01-30 23:20:00,46 F,41 F,81 %,29.90 in
2018-01-30 23:50:00,48 F,41 F,76 %,29.90 in
2018-01-31 00:20:00,48 F,43 F,82 %,29.90 in
2018-01-31 00:50:00,48 F,43 F,82 %,29.90 in
2018-01-31 01:20:00,46 F,43 F,87 %,29.90 in
2018-01-31 01:50:00,46 F,43 F,87 %,29.90 in
2018-01-31 02:20:00,45 F,41 F,87 %,29.93 in
2018-01-31 03:50:00,43 F,41 F,93 %,29.93 in
2018-01-31 04:20:00,41 F,39 F,93 %,29.93 in
2018-01-31 04:50:00,41 F,39 F,93 %,29.93 in
2018-01-31 05:20:00,43 F,41 F,93 %,29.90 in
2018-01-31 05:50:00,41 F,39 F,93 %,29.90 in
2018-01-31 06:20:00,41 F,39 F,93 %,29.90 in
2018-01-31 05:50:00,39 F,37 F,93 %,29.90 in
2018-01-31 06:20:00,39 F,37 F,93 %,29.90 in
2018-01-31 06:50:00,41 F,37 F,87 %,29.90 in
2018-01-31 07:20:00,39 F,37 F,93 %,29.93 in
2018-01-31 07:50:00,39 F,37 F,93 %,29.93 in
2018-01-31 08:20:00,39 F,37 F,93 %,29.93 in
2018-01-31 08:50:00,41 F,39 F,93 %,29.93 in
2018-01-31 09:20:00,43 F,41 F,93 %,29.96 in
2018-01-31 09:50:00,46 F,43 F,87 %,29.96 in
2018-01-31 10:20:00,46 F,43 F,87 %,29.96 in
2018-01-31 10:50:00,48 F,43 F,82 %,29.96 in
2018-01-31 11:20:00,50 F,41 F,71 %,29.96 in
2018-01-31 11:50:00,50 F,41 F,71 %,29.96 in
2018-01-31 12:20:00,52 F,41 F,67 %,29.96 in
2018-01-31 12:50:00,54 F,41 F,62 %,29.93 in
2018-01-31 13:20:00,54 F,43 F,67 %,29.93 in
2018-01-31 13:50:00,54 F,43 F,67 %,29.93 in
2018-01-31 14:20:00,55 F,43 F,63 %,29.90 in
2018-01-31 14:50:00,54 F,43 F,67 %,29.90 in
2018-01-31 15:20:00,54 F,45 F,72 %,29.90 in
2018-01-31 15:50:00,52 F,43 F,71 %,29.90 in
2018-01-31 16:20:00,52 F,43 F,71 %,29.90 in
2018-01-31 16:50:00,52 F,43 F,71 %,29.90 in
2018-01-31 17:20:00,50 F,43 F,76 %,29.90 in
2018-01-31 17:50:00,50 F,34 F,54 %,29.90 in
2018-01-31 18:20:00,48 F,32 F,54 %,29.87 in
2018-01-31 18:50:00,46 F,32 F,57 %,29.87 in
2018-01-31 19:20:00,46 F,32 F,57 %,29.87 in
2018-01-31 19:50:00,45 F,30 F,57 %,29.87 in
2018-01-31 20:20:00,45 F,30 F,57 %,29.87 in
2018-01-31 20:50:00,45 F,30 F,57 %,29.87 in
2018-01-31 21:20:00,43 F,30 F,61 %,29.87 in
2018-01-31 21:50:00,45 F,30 F,57 %,29.87 in
2018-01-31 22:20:00,43 F,30 F,61 %,29.87 in
2018-01-31 22:50:00,43 F,28 F,57 %,29.87 in
2018-01-31 23:20:00,43 F,30 F,61 %,29.87 in
2018-01-31 23:50:00,41 F,30 F,65 %,29.87 in
