,Date,Tempreature,Dp,Humidity,WindSpeed,Pressure
0,1-01-2018 00:20:00,43 F,41 F,93 %,7 mph,29.75 in
1,1-01-2018 00:50:00,43 F,39 F,87 %,7 mph,29.75 in
2,1-01-2018 01:20:00,45 F,39 F,81 %,7 mph,29.75 in
3,1-01-2018 01:50:00,45 F,39 F,81 %,7 mph,29.75 in
4,1-01-2018 02:20:00,45 F,41 F,87 %,8 mph,29.75 in
5,1-01-2018 03:50:00,45 F,41 F,87 %,6 mph,29.75 in
6,1-01-2018 04:20:00,45 F,41 F,87 %,8 mph,29.75 in
7,1-01-2018 04:50:00,45 F,41 F,87 %,10 mph,29.75 in
8,1-01-2018 05:20:00,45 F,41 F,87 %,9 mph,29.75 in
9,1-01-2018 05:50:00,45 F,39 F,81 %,9 mph,29.72 in
10,1-01-2018 06:20:00,43 F,39 F,87 %,7 mph,29.75 in
11,1-01-2018 06:50:00,41 F,37 F,87 %,7 mph,29.72 in
12,1-01-2018 07:20:00,39 F,37 F,93 %,6 mph,29.72 in
13,1-01-2018 07:50:00,41 F,37 F,87 %,5 mph,29.72 in
14,1-01-2018 08:20:00,41 F,39 F,93 %,3 mph,29.72 in
15,1-01-2018 08:50:00,43 F,39 F,87 %,5 mph,29.72 in
16,1-01-2018 09:20:00,45 F,39 F,81 %,3 mph,29.75 in
17,1-01-2018 09:50:00,45 F,37 F,76 %,6 mph,29.75 in
18,1-01-2018 10:20:00,46 F,39 F,76 %,7 mph,29.75 in
19,1-01-2018 10:50:00,46 F,39 F,76 %,7 mph,29.75 in
20,1-01-2018 11:20:00,50 F,39 F,66 %,8 mph,29.72 in
21,1-01-2018 11:50:00,50 F,37 F,62 %,8 mph,29.72 in
22,1-01-2018 12:20:00,50 F,37 F,62 %,8 mph,29.72 in
23,1-01-2018 12:50:00,50 F,37 F,62 %,10 mph,29.70 in
24,1-01-2018 13:20:00,52 F,37 F,58 %,10 mph,29.70 in
25,1-01-2018 13:50:00,52 F,37 F,58 %,13 mph,29.70 in
26,1-01-2018 14:20:00,52 F,39 F,62 %,15 mph,29.70 in
27,1-01-2018 14:50:00,52 F,37 F,58 %,12 mph,29.67 in
28,1-01-2018 15:20:00,52 F,37 F,58 %,13 mph,29.70 in
29,1-01-2018 15:50:00,52 F,37 F,58 %,12 mph,29.70 in
30,1-01-2018 16:20:00,52 F,36 F,54 %,10 mph,29.67 in
31,1-01-2018 16:50:00,50 F,36 F,58 %,8 mph,29.67 in
32,1-01-2018 17:20:00,48 F,39 F,71 %,6 mph,29.67 in
33,1-01-2018 17:50:00,48 F,37 F,66 %,7 mph,29.67 in
34,1-01-2018 18:20:00,48 F,39 F,71 %,6 mph,29.67 in
35,1-01-2018 18:50:00,46 F,37 F,71 %,3 mph,29.67 in
36,1-01-2018 19:20:00,45 F,37 F,76 %,2 mph,29.67 in
37,1-01-2018 19:50:00,45 F,39 F,81 %,2 mph,29.64 in
38,1-01-2018 20:20:00,45 F,37 F,76 %,2 mph,29.64 in
39,1-01-2018 20:50:00,45 F,37 F,76 %,2 mph,29.64 in
40,1-01-2018 21:20:00,45 F,37 F,76 %,2 mph,29.64 in
41,1-01-2018 21:50:00,45 F,37 F,76 %,3 mph,29.64 in
42,1-01-2018 22:20:00,45 F,37 F,76 %,2 mph,29.61 in
43,1-01-2018 22:50:00,45 F,37 F,76 %,1 mph,29.61 in
44,1-01-2018 23:20:00,45 F,36 F,71 %,2 mph,29.61 in
45,1-01-2018 23:50:00,45 F,36 F,71 %,3 mph,29.61 in
46,2-01-2018 00:20:00,43 F,37 F,81 %,3 mph,29.61 in
47,2-01-2018 00:50:00,45 F,36 F,71 %,3 mph,29.61 in
48,2-01-2018 01:20:00,45 F,36 F,71 %,3 mph,29.61 in
49,2-01-2018 01:50:00,43 F,36 F,76 %,3 mph,29.58 in
50,2-01-2018 02:20:00,43 F,36 F,76 %,5 mph,29.58 in
51,2-01-2018 03:50:00,41 F,36 F,81 %,6 mph,29.58 in
52,2-01-2018 04:20:00,41 F,36 F,81 %,7 mph,29.58 in
53,2-01-2018 04:50:00,43 F,36 F,76 %,5 mph,29.58 in
54,2-01-2018 05:20:00,41 F,36 F,81 %,3 mph,29.55 in
55,2-01-2018 05:50:00,41 F,36 F,81 %,5 mph,29.55 in
56,2-01-2018 06:20:00,43 F,36 F,76 %,2 mph,29.52 in
57,2-01-2018 06:50:00,43 F,34 F,70 %,6 mph,29.52 in
58,2-01-2018 07:20:00,43 F,36 F,76 %,5 mph,29.52 in
59,2-01-2018 07:50:00,45 F,36 F,71 %,3 mph,29.52 in
60,2-01-2018 08:20:00,43 F,34 F,70 %,0 mph,29.52 in
61,2-01-2018 08:50:00,43 F,37 F,81 %,3 mph,29.52 in
62,2-01-2018 09:20:00,45 F,37 F,76 %,5 mph,29.52 in
63,2-01-2018 09:50:00,46 F,37 F,71 %,5 mph,29.52 in
64,2-01-2018 10:20:00,50 F,39 F,66 %,2 mph,29.52 in
65,2-01-2018 10:50:00,52 F,37 F,58 %,2 mph,29.52 in
66,2-01-2018 11:20:00,54 F,37 F,54 %,3 mph,29.49 in
67,2-01-2018 11:50:00,55 F,39 F,54 %,5 mph,29.49 in
68,2-01-2018 12:20:00,55 F,39 F,54 %,6 mph,29.49 in
69,2-01-2018 12:50:00,55 F,37 F,51 %,7 mph,29.49 in
70,2-01-2018 13:20:00,55 F,39 F,54 %,7 mph,29.46 in
71,2-01-2018 13:50:00,59 F,39 F,48 %,6 mph,29.46 in
72,2-01-2018 14:20:00,59 F,37 F,45 %,9 mph,29.43 in
73,2-01-2018 14:50:00,59 F,39 F,48 %,9 mph,29.46 in
74,2-01-2018 15:20:00,57 F,41 F,55 %,9 mph,29.46 in
75,2-01-2018 15:50:00,57 F,43 F,59 %,7 mph,29.46 in
76,2-01-2018 16:20:00,57 F,43 F,59 %,6 mph,29.46 in
77,2-01-2018 16:50:00,57 F,43 F,59 %,7 mph,29.46 in
78,2-01-2018 17:20:00,55 F,43 F,63 %,6 mph,29.46 in
79,2-01-2018 17:50:00,54 F,43 F,67 %,6 mph,29.46 in
80,2-01-2018 18:20:00,55 F,43 F,63 %,3 mph,29.46 in
81,2-01-2018 18:50:00,54 F,41 F,62 %,3 mph,29.46 in
82,2-01-2018 19:20:00,52 F,41 F,67 %,3 mph,29.46 in
83,2-01-2018 19:50:00,54 F,39 F,58 %,1 mph,29.46 in
84,2-01-2018 20:20:00,54 F,39 F,58 %,1 mph,29.46 in
85,2-01-2018 20:50:00,52 F,41 F,67 %,0 mph,29.46 in
86,2-01-2018 21:20:00,52 F,41 F,67 %,3 mph,29.46 in
87,2-01-2018 21:50:00,50 F,41 F,71 %,2 mph,29.46 in
88,2-01-2018 22:20:00,52 F,43 F,71 %,2 mph,29.46 in
89,2-01-2018 22:50:00,50 F,43 F,76 %,3 mph,29.46 in
90,2-01-2018 23:20:00,52 F,41 F,67 %,1 mph,29.46 in
91,2-01-2018 23:50:00,52 F,41 F,67 %,1 mph,29.46 in
92,3-01-2018 00:20:00,50 F,39 F,66 %,0 mph,29.46 in
93,3-01-2018 00:50:00,50 F,41 F,71 %,2 mph,29.46 in
94,3-01-2018 01:20:00,52 F,41 F,67 %,2 mph,29.46 in
95,3-01-2018 01:50:00,50 F,41 F,71 %,2 mph,29.46 in
96,3-01-2018 02:20:00,48 F,41 F,76 %,6 mph,29.46 in
97,3-01-2018 03:50:00,48 F,41 F,76 %,6 mph,29.43 in
98,3-01-2018 04:20:00,50 F,41 F,71 %,1 mph,29.43 in
99,3-01-2018 04:50:00,50 F,43 F,76 %,2 mph,29.46 in
100,3-01-2018 05:20:00,50 F,45 F,82 %,5 mph,29.43 in
101,3-01-2018 05:50:00,48 F,43 F,82 %,3 mph,29.43 in
102,3-01-2018 06:20:00,46 F,45 F,93 %,6 mph,29.43 in
103,3-01-2018 06:50:00,46 F,45 F,93 %,8 mph,29.43 in
104,3-01-2018 07:20:00,46 F,45 F,93 %,6 mph,29.43 in
105,3-01-2018 07:50:00,46 F,45 F,93 %,7 mph,29.43 in
106,3-01-2018 08:20:00,48 F,45 F,87 %,8 mph,29.43 in
107,3-01-2018 08:50:00,48 F,45 F,87 %,7 mph,29.43 in
108,3-01-2018 09:20:00,50 F,45 F,82 %,8 mph,29.43 in
109,3-01-2018 09:50:00,48 F,45 F,87 %,6 mph,29.46 in
110,3-01-2018 10:20:00,50 F,46 F,87 %,2 mph,29.46 in
111,3-01-2018 10:50:00,48 F,46 F,93 %,5 mph,29.46 in
112,3-01-2018 11:20:00,48 F,46 F,93 %,8 mph,29.46 in
113,3-01-2018 11:50:00,52 F,48 F,88 %,8 mph,29.46 in
114,3-01-2018 12:20:00,52 F,46 F,82 %,7 mph,29.46 in
115,3-01-2018 12:50:00,52 F,46 F,82 %,3 mph,29.43 in
116,3-01-2018 13:20:00,55 F,46 F,72 %,2 mph,29.43 in
117,3-01-2018 13:50:00,55 F,45 F,67 %,3 mph,29.43 in
118,3-01-2018 14:20:00,55 F,46 F,72 %,6 mph,29.40 in
119,3-01-2018 14:50:00,54 F,45 F,72 %,5 mph,29.40 in
120,3-01-2018 15:20:00,54 F,46 F,77 %,6 mph,29.40 in
121,3-01-2018 15:50:00,54 F,46 F,77 %,7 mph,29.40 in
122,3-01-2018 16:20:00,54 F,46 F,77 %,7 mph,29.40 in
123,3-01-2018 16:50:00,54 F,46 F,77 %,8 mph,29.40 in
124,3-01-2018 17:20:00,50 F,46 F,87 %,12 mph,29.40 in
125,3-01-2018 17:50:00,50 F,46 F,87 %,12 mph,29.40 in
126,3-01-2018 18:20:00,50 F,46 F,87 %,13 mph,29.40 in
127,3-01-2018 18:50:00,48 F,46 F,93 %,12 mph,29.40 in
128,3-01-2018 19:20:00,48 F,46 F,93 %,13 mph,29.40 in
129,3-01-2018 19:50:00,48 F,46 F,93 %,14 mph,29.40 in
130,3-01-2018 20:20:00,48 F,46 F,93 %,12 mph,29.43 in
131,3-01-2018 20:50:00,48 F,46 F,93 %,8 mph,29.43 in
132,3-01-2018 21:20:00,48 F,46 F,93 %,9 mph,29.43 in
133,3-01-2018 21:50:00,48 F,46 F,93 %,8 mph,29.43 in
134,3-01-2018 22:20:00,48 F,46 F,93 %,7 mph,29.43 in
135,3-01-2018 22:50:00,48 F,46 F,93 %,6 mph,29.43 in
136,3-01-2018 23:20:00,48 F,46 F,93 %,5 mph,29.43 in
137,3-01-2018 23:50:00,48 F,46 F,93 %,3 mph,29.43 in
138,4-01-2018 00:20:00,46 F,46 F,100 %,6 mph,29.40 in
139,4-01-2018 00:50:00,46 F,45 F,93 %,5 mph,29.40 in
140,4-01-2018 01:20:00,46 F,45 F,93 %,2 mph,29.37 in
141,4-01-2018 01:50:00,46 F,46 F,100 %,1 mph,29.40 in
142,4-01-2018 02:20:00,46 F,46 F,100 %,1 mph,29.37 in
143,4-01-2018 03:50:00,46 F,45 F,93 %,0 mph,29.37 in
144,4-01-2018 04:20:00,46 F,46 F,100 %,1 mph,29.37 in
145,4-01-2018 04:50:00,46 F,46 F,100 %,0 mph,29.37 in
146,4-01-2018 05:20:00,48 F,46 F,93 %,2 mph,29.34 in
147,4-01-2018 05:50:00,46 F,45 F,93 %,1 mph,29.34 in
148,4-01-2018 06:20:00,46 F,46 F,100 %,3 mph,29.34 in
149,4-01-2018 06:50:00,46 F,45 F,93 %,2 mph,29.34 in
150,4-01-2018 07:20:00,48 F,46 F,93 %,5 mph,29.34 in
151,4-01-2018 07:50:00,48 F,46 F,93 %,6 mph,29.34 in
152,4-01-2018 08:20:00,48 F,46 F,93 %,8 mph,29.34 in
153,4-01-2018 08:50:00,48 F,46 F,93 %,7 mph,29.34 in
154,4-01-2018 09:20:00,48 F,46 F,93 %,6 mph,29.34 in
155,4-01-2018 09:50:00,48 F,46 F,93 %,8 mph,29.37 in
156,4-01-2018 10:20:00,50 F,46 F,87 %,7 mph,29.37 in
157,4-01-2018 10:50:00,50 F,46 F,87 %,6 mph,29.37 in
158,4-01-2018 11:20:00,50 F,46 F,87 %,5 mph,29.34 in
159,4-01-2018 11:50:00,50 F,45 F,82 %,3 mph,29.34 in
160,4-01-2018 12:20:00,52 F,45 F,76 %,3 mph,29.34 in
161,4-01-2018 12:50:00,52 F,45 F,76 %,3 mph,29.34 in
162,4-01-2018 13:20:00,52 F,45 F,76 %,5 mph,29.32 in
163,4-01-2018 13:50:00,54 F,45 F,72 %,5 mph,29.32 in
164,4-01-2018 14:20:00,54 F,43 F,67 %,3 mph,29.32 in
165,4-01-2018 14:50:00,54 F,45 F,72 %,3 mph,29.32 in
166,4-01-2018 15:20:00,54 F,43 F,67 %,5 mph,29.32 in
167,4-01-2018 15:50:00,52 F,41 F,67 %,5 mph,29.32 in
168,4-01-2018 16:20:00,50 F,45 F,82 %,12 mph,29.32 in
169,4-01-2018 16:50:00,50 F,45 F,82 %,13 mph,29.32 in
170,4-01-2018 17:20:00,48 F,45 F,87 %,13 mph,29.32 in
171,4-01-2018 17:50:00,48 F,45 F,87 %,14 mph,29.32 in
172,4-01-2018 18:20:00,48 F,45 F,87 %,14 mph,29.34 in
173,4-01-2018 18:50:00,48 F,45 F,87 %,14 mph,29.34 in
174,4-01-2018 19:20:00,48 F,45 F,87 %,14 mph,29.34 in
175,4-01-2018 19:50:00,48 F,45 F,87 %,15 mph,29.37 in
176,4-01-2018 20:20:00,48 F,45 F,87 %,15 mph,29.37 in
177,4-01-2018 20:50:00,48 F,45 F,87 %,15 mph,29.37 in
178,4-01-2018 21:20:00,48 F,45 F,87 %,14 mph,29.37 in
179,4-01-2018 21:50:00,48 F,45 F,87 %,13 mph,29.40 in
180,4-01-2018 22:20:00,48 F,45 F,87 %,15 mph,29.40 in
181,4-01-2018 22:50:00,48 F,45 F,87 %,14 mph,29.40 in
182,4-01-2018 23:20:00,48 F,43 F,82 %,14 mph,29.43 in
183,4-01-2018 23:50:00,48 F,43 F,82 %,15 mph,29.43 in
184,5-01-2018 00:20:00,48 F,43 F,82 %,14 mph,29.43 in
185,5-01-2018 00:50:00,48 F,43 F,82 %,15 mph,29.43 in
186,5-01-2018 01:20:00,48 F,43 F,82 %,14 mph,29.43 in
187,5-01-2018 01:46:00,48 F,43 F,82 %,15 mph,29.43 in
188,5-01-2018 01:50:00,48 F,43 F,82 %,16 mph,29.43 in
189,5-01-2018 02:20:00,46 F,43 F,87 %,15 mph,29.43 in
190,5-01-2018 03:50:00,46 F,43 F,87 %,15 mph,29.46 in
191,5-01-2018 04:20:00,46 F,43 F,87 %,14 mph,29.46 in
192,5-01-2018 04:50:00,46 F,43 F,87 %,13 mph,29.46 in
193,5-01-2018 05:20:00,46 F,43 F,87 %,12 mph,29.46 in
194,5-01-2018 05:50:00,46 F,43 F,87 %,12 mph,29.46 in
195,5-01-2018 06:20:00,46 F,43 F,87 %,12 mph,29.46 in
196,5-01-2018 05:50:00,46 F,43 F,87 %,10 mph,29.46 in
197,5-01-2018 06:20:00,46 F,41 F,81 %,14 mph,29.49 in
198,5-01-2018 06:50:00,46 F,43 F,87 %,12 mph,29.49 in
199,5-01-2018 07:20:00,46 F,43 F,87 %,8 mph,29.49 in
200,5-01-2018 07:50:00,46 F,43 F,87 %,8 mph,29.52 in
201,5-01-2018 08:20:00,45 F,43 F,93 %,9 mph,29.52 in
202,5-01-2018 08:50:00,45 F,43 F,93 %,7 mph,29.55 in
203,5-01-2018 09:20:00,45 F,41 F,87 %,8 mph,29.55 in
204,5-01-2018 09:50:00,45 F,41 F,87 %,8 mph,29.55 in
205,5-01-2018 10:20:00,45 F,41 F,87 %,8 mph,29.55 in
206,5-01-2018 10:50:00,46 F,41 F,81 %,8 mph,29.58 in
207,5-01-2018 11:20:00,46 F,41 F,81 %,8 mph,29.58 in
208,5-01-2018 11:50:00,46 F,41 F,81 %,7 mph,29.58 in
209,5-01-2018 12:20:00,46 F,41 F,81 %,6 mph,29.58 in
210,5-01-2018 12:50:00,46 F,41 F,81 %,5 mph,29.58 in
211,5-01-2018 13:20:00,46 F,41 F,81 %,5 mph,29.58 in
212,5-01-2018 13:50:00,46 F,41 F,81 %,3 mph,29.58 in
213,5-01-2018 14:20:00,48 F,41 F,76 %,2 mph,29.58 in
214,5-01-2018 14:50:00,48 F,43 F,82 %,3 mph,29.61 in
215,5-01-2018 15:20:00,48 F,41 F,76 %,3 mph,29.61 in
216,5-01-2018 15:50:00,48 F,43 F,82 %,5 mph,29.61 in
217,5-01-2018 16:20:00,48 F,43 F,82 %,3 mph,29.61 in
218,5-01-2018 16:50:00,48 F,41 F,76 %,1 mph,29.64 in
219,5-01-2018 17:20:00,48 F,41 F,76 %,3 mph,29.64 in
220,5-01-2018 17:50:00,46 F,41 F,81 %,3 mph,29.64 in
221,5-01-2018 18:20:00,46 F,39 F,76 %,2 mph,29.64 in
222,5-01-2018 18:50:00,46 F,41 F,81 %,5 mph,29.67 in
223,5-01-2018 19:20:00,46 F,41 F,81 %,3 mph,29.67 in
224,5-01-2018 19:50:00,45 F,39 F,81 %,2 mph,29.67 in
225,5-01-2018 20:20:00,45 F,39 F,81 %,3 mph,29.67 in
226,5-01-2018 20:50:00,45 F,41 F,87 %,1 mph,29.67 in
227,5-01-2018 21:20:00,43 F,39 F,87 %,1 mph,29.70 in
228,5-01-2018 21:50:00,45 F,41 F,87 %,3 mph,29.70 in
229,5-01-2018 22:20:00,43 F,37 F,81 %,2 mph,29.72 in
230,5-01-2018 22:50:00,43 F,37 F,81 %,2 mph,29.72 in
231,5-01-2018 23:20:00,41 F,37 F,87 %,1 mph,29.72 in
232,5-01-2018 23:50:00,39 F,37 F,93 %,3 mph,29.72 in
233,6-01-2018 00:20:00,41 F,39 F,93 %,5 mph,29.72 in
234,6-01-2018 00:50:00,41 F,39 F,93 %,2 mph,29.75 in
235,6-01-2018 01:20:00,41 F,39 F,93 %,2 mph,29.75 in
236,6-01-2018 01:50:00,37 F,36 F,93 %,3 mph,29.75 in
237,6-01-2018 02:20:00,37 F,36 F,93 %,2 mph,29.75 in
238,6-01-2018 03:50:00,39 F,37 F,93 %,1 mph,29.75 in
239,6-01-2018 04:20:00,39 F,37 F,93 %,2 mph,29.75 in
240,6-01-2018 04:50:00,37 F,36 F,93 %,5 mph,29.75 in
241,6-01-2018 05:20:00,37 F,36 F,93 %,5 mph,29.75 in
242,6-01-2018 05:50:00,39 F,37 F,93 %,2 mph,29.75 in
243,6-01-2018 06:08:00,39 F,37 F,93 %,1 mph,29.75 in
244,6-01-2018 06:20:00,37 F,37 F,100 %,1 mph,29.75 in
245,6-01-2018 05:50:00,37 F,36 F,93 %,0 mph,29.78 in
246,6-01-2018 06:20:00,37 F,36 F,93 %,1 mph,29.78 in
247,6-01-2018 06:50:00,36 F,34 F,93 %,5 mph,29.78 in
248,6-01-2018 07:20:00,37 F,36 F,93 %,2 mph,29.78 in
249,6-01-2018 07:43:00,37 F,36 F,93 %,5 mph,29.78 in
250,6-01-2018 07:50:00,36 F,36 F,100 %,5 mph,29.78 in
251,6-01-2018 08:20:00,37 F,36 F,93 %,5 mph,29.81 in
252,6-01-2018 08:50:00,39 F,37 F,93 %,3 mph,29.81 in
253,6-01-2018 09:20:00,43 F,41 F,93 %,0 mph,29.81 in
254,6-01-2018 09:50:00,48 F,43 F,82 %,0 mph,29.81 in
255,6-01-2018 10:20:00,48 F,41 F,76 %,3 mph,29.84 in
256,6-01-2018 10:50:00,48 F,41 F,76 %,2 mph,29.84 in
257,6-01-2018 11:20:00,48 F,41 F,76 %,7 mph,29.84 in
258,6-01-2018 11:50:00,48 F,41 F,76 %,5 mph,29.84 in
259,6-01-2018 12:20:00,50 F,39 F,66 %,6 mph,29.84 in
260,6-01-2018 12:50:00,52 F,41 F,67 %,6 mph,29.84 in
261,6-01-2018 13:20:00,52 F,41 F,67 %,6 mph,29.84 in
262,6-01-2018 13:50:00,52 F,41 F,67 %,6 mph,29.84 in
263,6-01-2018 14:20:00,52 F,41 F,67 %,5 mph,29.81 in
264,6-01-2018 14:50:00,54 F,41 F,62 %,3 mph,29.81 in
265,6-01-2018 15:20:00,55 F,37 F,51 %,3 mph,29.81 in
266,6-01-2018 15:50:00,54 F,37 F,54 %,3 mph,29.84 in
267,6-01-2018 16:20:00,55 F,37 F,51 %,1 mph,29.84 in
268,6-01-2018 16:50:00,54 F,41 F,62 %,3 mph,29.84 in
269,6-01-2018 17:20:00,50 F,39 F,66 %,3 mph,29.84 in
270,6-01-2018 17:50:00,48 F,39 F,71 %,3 mph,29.84 in
271,6-01-2018 18:20:00,46 F,39 F,76 %,1 mph,29.84 in
272,6-01-2018 18:50:00,45 F,41 F,87 %,2 mph,29.84 in
273,6-01-2018 19:20:00,45 F,39 F,81 %,3 mph,29.84 in
274,6-01-2018 19:50:00,45 F,39 F,81 %,5 mph,29.84 in
275,6-01-2018 20:20:00,45 F,39 F,81 %,5 mph,29.87 in
276,6-01-2018 20:50:00,45 F,39 F,81 %,5 mph,29.87 in
277,6-01-2018 21:20:00,45 F,39 F,81 %,3 mph,29.87 in
278,6-01-2018 21:50:00,41 F,37 F,87 %,2 mph,29.87 in
279,6-01-2018 22:20:00,43 F,39 F,87 %,1 mph,29.90 in
280,6-01-2018 22:50:00,43 F,39 F,87 %,0 mph,29.90 in
281,6-01-2018 23:20:00,41 F,37 F,87 %,3 mph,29.90 in
282,6-01-2018 23:50:00,43 F,39 F,87 %,5 mph,29.90 in
283,7-01-2018 00:20:00,43 F,39 F,87 %,3 mph,29.90 in
284,7-01-2018 00:50:00,45 F,39 F,81 %,2 mph,29.90 in
285,7-01-2018 01:20:00,46 F,37 F,71 %,1 mph,29.90 in
286,7-01-2018 01:50:00,46 F,37 F,71 %,2 mph,29.90 in
287,7-01-2018 02:20:00,48 F,37 F,66 %,2 mph,29.90 in
288,7-01-2018 03:50:00,46 F,37 F,71 %,3 mph,29.90 in
289,7-01-2018 04:20:00,46 F,36 F,66 %,3 mph,29.90 in
290,7-01-2018 04:50:00,48 F,36 F,62 %,3 mph,29.90 in
291,7-01-2018 05:20:00,50 F,37 F,62 %,3 mph,29.90 in
292,7-01-2018 05:50:00,48 F,36 F,62 %,3 mph,29.90 in
293,7-01-2018 06:20:00,46 F,36 F,66 %,5 mph,29.90 in
294,7-01-2018 05:50:00,45 F,36 F,71 %,5 mph,29.90 in
295,7-01-2018 06:20:00,43 F,37 F,81 %,5 mph,29.90 in
296,7-01-2018 06:50:00,46 F,37 F,71 %,5 mph,29.93 in
297,7-01-2018 07:20:00,45 F,39 F,81 %,1 mph,29.93 in
298,7-01-2018 07:50:00,45 F,39 F,81 %,2 mph,29.93 in
299,7-01-2018 08:20:00,45 F,41 F,87 %,3 mph,29.93 in
300,7-01-2018 08:50:00,46 F,39 F,76 %,5 mph,29.96 in
301,7-01-2018 09:20:00,52 F,39 F,62 %,2 mph,29.96 in
302,7-01-2018 09:50:00,54 F,37 F,54 %,2 mph,29.96 in
303,7-01-2018 10:20:00,54 F,39 F,58 %,3 mph,29.96 in
304,7-01-2018 10:50:00,54 F,37 F,54 %,3 mph,29.99 in
305,7-01-2018 11:20:00,55 F,37 F,51 %,5 mph,29.99 in
306,7-01-2018 11:50:00,57 F,37 F,48 %,8 mph,29.99 in
307,7-01-2018 12:20:00,59 F,37 F,45 %,9 mph,29.99 in
308,7-01-2018 12:50:00,59 F,37 F,45 %,8 mph,29.99 in
309,7-01-2018 13:20:00,59 F,37 F,45 %,8 mph,29.99 in
310,7-01-2018 13:50:00,59 F,37 F,45 %,9 mph,29.99 in
311,7-01-2018 14:20:00,59 F,37 F,45 %,10 mph,29.99 in
312,7-01-2018 14:50:00,59 F,37 F,45 %,12 mph,29.99 in
313,7-01-2018 15:20:00,59 F,37 F,45 %,12 mph,29.99 in
314,7-01-2018 15:50:00,57 F,37 F,48 %,10 mph,29.99 in
315,7-01-2018 16:20:00,57 F,37 F,48 %,9 mph,29.99 in
316,7-01-2018 16:50:00,57 F,37 F,48 %,7 mph,29.99 in
317,7-01-2018 17:20:00,55 F,37 F,51 %,5 mph,30.02 in
318,7-01-2018 17:50:00,54 F,37 F,54 %,3 mph,30.02 in
319,7-01-2018 18:20:00,50 F,37 F,62 %,2 mph,30.02 in
320,7-01-2018 18:50:00,50 F,39 F,66 %,3 mph,30.05 in
321,7-01-2018 19:20:00,50 F,39 F,66 %,2 mph,30.05 in
322,7-01-2018 19:50:00,48 F,39 F,71 %,0 mph,30.05 in
323,7-01-2018 20:20:00,48 F,39 F,71 %,1 mph,30.05 in
324,7-01-2018 20:50:00,50 F,39 F,66 %,2 mph,30.05 in
325,7-01-2018 21:20:00,48 F,39 F,71 %,0 mph,30.05 in
326,7-01-2018 21:50:00,46 F,39 F,76 %,2 mph,30.05 in
327,7-01-2018 22:20:00,46 F,39 F,76 %,2 mph,30.05 in
328,7-01-2018 22:50:00,50 F,39 F,66 %,3 mph,30.05 in
329,7-01-2018 23:20:00,48 F,39 F,71 %,3 mph,30.05 in
330,7-01-2018 23:50:00,50 F,39 F,66 %,3 mph,30.05 in
331,8-01-2018 00:20:00,50 F,39 F,66 %,0 mph,30.05 in
332,8-01-2018 00:50:00,48 F,39 F,71 %,3 mph,30.05 in
333,8-01-2018 01:20:00,48 F,39 F,71 %,3 mph,30.07 in
334,8-01-2018 01:50:00,46 F,39 F,76 %,2 mph,30.07 in
335,8-01-2018 02:20:00,46 F,39 F,76 %,5 mph,30.07 in
336,8-01-2018 03:50:00,48 F,39 F,71 %,5 mph,30.07 in
337,8-01-2018 04:20:00,48 F,39 F,71 %,2 mph,30.07 in
338,8-01-2018 04:50:00,48 F,41 F,76 %,0 mph,30.07 in
339,8-01-2018 05:20:00,46 F,39 F,76 %,0 mph,30.07 in
340,8-01-2018 05:50:00,50 F,41 F,71 %,1 mph,30.10 in
341,8-01-2018 06:20:00,50 F,43 F,76 %,2 mph,30.10 in
342,8-01-2018 05:50:00,48 F,43 F,82 %,1 mph,30.10 in
343,8-01-2018 06:20:00,48 F,45 F,87 %,2 mph,30.10 in
344,8-01-2018 06:50:00,48 F,43 F,82 %,1 mph,30.10 in
345,8-01-2018 07:20:00,48 F,45 F,87 %,1 mph,30.13 in
346,8-01-2018 07:50:00,48 F,43 F,82 %,2 mph,30.13 in
347,8-01-2018 08:20:00,50 F,43 F,76 %,2 mph,30.13 in
348,8-01-2018 08:50:00,50 F,43 F,76 %,1 mph,30.13 in
349,8-01-2018 09:20:00,52 F,45 F,76 %,2 mph,30.13 in
350,8-01-2018 09:50:00,54 F,43 F,67 %,2 mph,30.13 in
351,8-01-2018 10:20:00,55 F,43 F,63 %,3 mph,30.13 in
352,8-01-2018 10:50:00,55 F,43 F,63 %,6 mph,30.13 in
353,8-01-2018 11:20:00,57 F,43 F,59 %,8 mph,30.13 in
354,8-01-2018 11:50:00,57 F,43 F,59 %,5 mph,30.13 in
355,8-01-2018 12:20:00,57 F,43 F,59 %,5 mph,30.10 in
356,8-01-2018 12:50:00,57 F,45 F,63 %,6 mph,30.10 in
357,8-01-2018 13:20:00,57 F,45 F,63 %,6 mph,30.10 in
358,8-01-2018 13:50:00,57 F,43 F,59 %,5 mph,30.10 in
359,8-01-2018 14:20:00,57 F,45 F,63 %,6 mph,30.10 in
360,8-01-2018 14:50:00,57 F,45 F,63 %,7 mph,30.10 in
361,8-01-2018 15:20:00,57 F,45 F,63 %,6 mph,30.07 in
362,8-01-2018 15:50:00,57 F,45 F,63 %,3 mph,30.07 in
363,8-01-2018 16:20:00,59 F,45 F,59 %,2 mph,30.07 in
364,8-01-2018 16:50:00,55 F,45 F,67 %,2 mph,30.10 in
365,8-01-2018 17:20:00,54 F,45 F,72 %,1 mph,30.07 in
366,8-01-2018 17:50:00,54 F,45 F,72 %,5 mph,30.07 in
367,8-01-2018 18:20:00,52 F,45 F,76 %,2 mph,30.07 in
368,8-01-2018 18:50:00,50 F,45 F,82 %,2 mph,30.07 in
369,8-01-2018 19:20:00,50 F,45 F,82 %,0 mph,30.07 in
370,8-01-2018 19:50:00,52 F,45 F,76 %,2 mph,30.07 in
371,8-01-2018 20:20:00,50 F,45 F,82 %,3 mph,30.10 in
372,8-01-2018 20:50:00,50 F,45 F,82 %,3 mph,30.07 in
373,8-01-2018 21:20:00,48 F,45 F,87 %,5 mph,30.07 in
374,8-01-2018 21:50:00,50 F,45 F,82 %,3 mph,30.07 in
375,8-01-2018 22:20:00,50 F,45 F,82 %,2 mph,30.07 in
376,8-01-2018 22:50:00,46 F,43 F,87 %,2 mph,30.07 in
377,8-01-2018 23:20:00,48 F,45 F,87 %,1 mph,30.07 in
378,8-01-2018 23:50:00,48 F,45 F,87 %,3 mph,30.07 in
379,9-01-2018 00:20:00,48 F,45 F,87 %,3 mph,30.05 in
380,9-01-2018 00:50:00,48 F,43 F,82 %,3 mph,30.05 in
381,9-01-2018 01:20:00,48 F,45 F,87 %,1 mph,30.05 in
382,9-01-2018 01:50:00,50 F,43 F,76 %,2 mph,30.05 in
383,9-01-2018 02:20:00,46 F,43 F,87 %,2 mph,30.05 in
384,9-01-2018 03:50:00,46 F,43 F,87 %,2 mph,30.05 in
385,9-01-2018 04:20:00,46 F,43 F,87 %,0 mph,30.05 in
386,9-01-2018 04:50:00,48 F,43 F,82 %,2 mph,30.07 in
387,9-01-2018 05:20:00,46 F,43 F,87 %,2 mph,30.05 in
388,9-01-2018 05:50:00,46 F,43 F,87 %,2 mph,30.07 in
389,9-01-2018 06:20:00,48 F,43 F,82 %,1 mph,30.07 in
390,9-01-2018 05:50:00,46 F,43 F,87 %,3 mph,30.07 in
391,9-01-2018 06:20:00,48 F,43 F,82 %,3 mph,30.07 in
392,9-01-2018 06:50:00,50 F,43 F,76 %,1 mph,30.07 in
393,9-01-2018 07:20:00,52 F,41 F,67 %,2 mph,30.10 in
394,9-01-2018 07:50:00,48 F,43 F,82 %,1 mph,30.10 in
395,9-01-2018 08:20:00,52 F,41 F,67 %,2 mph,30.10 in
396,9-01-2018 08:50:00,52 F,43 F,71 %,7 mph,30.10 in
397,9-01-2018 09:20:00,50 F,45 F,82 %,7 mph,30.13 in
398,9-01-2018 09:50:00,50 F,45 F,82 %,10 mph,30.13 in
399,9-01-2018 10:20:00,52 F,45 F,76 %,9 mph,30.13 in
400,9-01-2018 10:50:00,52 F,48 F,88 %,13 mph,30.13 in
401,9-01-2018 11:01:00,52 F,48 F,88 %,12 mph,30.13 in
402,9-01-2018 11:08:00,50 F,48 F,94 %,13 mph,30.13 in
403,9-01-2018 11:17:00,50 F,48 F,94 %,13 mph,30.13 in
404,9-01-2018 11:20:00,50 F,48 F,94 %,13 mph,30.13 in
405,9-01-2018 11:50:00,50 F,48 F,94 %,10 mph,30.13 in
406,9-01-2018 12:20:00,50 F,46 F,87 %,12 mph,30.13 in
407,9-01-2018 12:50:00,50 F,46 F,87 %,9 mph,30.13 in
408,9-01-2018 13:20:00,50 F,46 F,87 %,10 mph,30.13 in
409,9-01-2018 13:50:00,50 F,46 F,87 %,12 mph,30.13 in
410,9-01-2018 14:20:00,52 F,46 F,82 %,10 mph,30.10 in
411,9-01-2018 14:50:00,50 F,46 F,87 %,10 mph,30.13 in
412,9-01-2018 15:20:00,50 F,46 F,87 %,13 mph,30.13 in
413,9-01-2018 15:50:00,50 F,46 F,87 %,13 mph,30.13 in
414,9-01-2018 16:20:00,48 F,46 F,93 %,14 mph,30.13 in
415,9-01-2018 16:50:00,48 F,46 F,93 %,12 mph,30.13 in
416,9-01-2018 17:20:00,48 F,46 F,93 %,12 mph,30.13 in
417,9-01-2018 17:50:00,48 F,46 F,93 %,13 mph,30.13 in
418,9-01-2018 18:20:00,48 F,46 F,93 %,12 mph,30.13 in
419,9-01-2018 18:50:00,48 F,46 F,93 %,12 mph,30.16 in
420,9-01-2018 19:20:00,48 F,46 F,93 %,13 mph,30.13 in
421,9-01-2018 19:50:00,48 F,46 F,93 %,10 mph,30.13 in
422,9-01-2018 20:20:00,50 F,46 F,87 %,10 mph,30.13 in
423,9-01-2018 20:50:00,50 F,46 F,87 %,10 mph,30.13 in
424,9-01-2018 21:20:00,48 F,46 F,93 %,12 mph,30.13 in
425,9-01-2018 21:50:00,48 F,46 F,93 %,10 mph,30.13 in
426,9-01-2018 22:20:00,48 F,46 F,93 %,12 mph,30.10 in
427,9-01-2018 22:50:00,48 F,46 F,93 %,13 mph,30.10 in
428,9-01-2018 23:20:00,48 F,46 F,93 %,13 mph,30.10 in
429,9-01-2018 23:50:00,48 F,46 F,93 %,15 mph,30.10 in
430,10-01-2018 00:20:00,48 F,46 F,93 %,13 mph,30.07 in
431,10-01-2018 00:50:00,48 F,46 F,93 %,13 mph,30.07 in
432,10-01-2018 01:20:00,48 F,46 F,93 %,14 mph,30.07 in
433,10-01-2018 01:50:00,48 F,46 F,93 %,12 mph,30.05 in
434,10-01-2018 02:20:00,48 F,45 F,87 %,13 mph,30.05 in
435,10-01-2018 03:50:00,48 F,45 F,87 %,12 mph,30.05 in
436,10-01-2018 04:20:00,48 F,45 F,87 %,10 mph,30.05 in
437,10-01-2018 04:50:00,48 F,45 F,87 %,12 mph,30.02 in
438,10-01-2018 05:20:00,48 F,45 F,87 %,13 mph,30.02 in
439,10-01-2018 05:50:00,48 F,45 F,87 %,12 mph,30.02 in
440,10-01-2018 06:20:00,48 F,45 F,87 %,9 mph,29.99 in
441,10-01-2018 05:50:00,48 F,45 F,87 %,8 mph,29.99 in
442,10-01-2018 06:20:00,48 F,45 F,87 %,9 mph,29.96 in
443,10-01-2018 06:50:00,48 F,45 F,87 %,12 mph,29.96 in
444,10-01-2018 07:20:00,48 F,45 F,87 %,10 mph,29.96 in
445,10-01-2018 07:50:00,48 F,45 F,87 %,8 mph,29.96 in
446,10-01-2018 08:20:00,46 F,45 F,93 %,8 mph,29.96 in
447,10-01-2018 08:50:00,48 F,45 F,87 %,8 mph,29.96 in
448,10-01-2018 09:20:00,48 F,45 F,87 %,7 mph,29.93 in
449,10-01-2018 09:50:00,48 F,43 F,82 %,6 mph,29.93 in
450,10-01-2018 10:20:00,48 F,43 F,82 %,3 mph,29.93 in
451,10-01-2018 10:50:00,50 F,43 F,76 %,5 mph,29.90 in
452,10-01-2018 11:20:00,50 F,43 F,76 %,5 mph,29.90 in
453,10-01-2018 11:50:00,50 F,43 F,76 %,8 mph,29.87 in
454,10-01-2018 12:20:00,50 F,43 F,76 %,7 mph,29.87 in
455,10-01-2018 12:50:00,50 F,43 F,76 %,8 mph,29.84 in
456,10-01-2018 13:20:00,50 F,43 F,76 %,8 mph,29.81 in
457,10-01-2018 13:50:00,52 F,43 F,71 %,7 mph,29.81 in
458,10-01-2018 14:20:00,52 F,45 F,76 %,8 mph,29.81 in
459,10-01-2018 14:50:00,50 F,43 F,76 %,10 mph,29.78 in
460,10-01-2018 15:20:00,52 F,43 F,71 %,9 mph,29.78 in
461,10-01-2018 15:50:00,50 F,43 F,76 %,9 mph,29.78 in
462,10-01-2018 16:20:00,50 F,45 F,82 %,7 mph,29.78 in
463,10-01-2018 16:50:00,50 F,43 F,76 %,8 mph,29.72 in
464,10-01-2018 17:20:00,50 F,45 F,82 %,8 mph,29.72 in
465,10-01-2018 17:50:00,50 F,43 F,76 %,8 mph,29.72 in
466,10-01-2018 18:20:00,48 F,45 F,87 %,6 mph,29.72 in
467,10-01-2018 18:50:00,48 F,43 F,82 %,6 mph,29.72 in
468,10-01-2018 19:20:00,48 F,43 F,82 %,5 mph,29.72 in
469,10-01-2018 19:50:00,46 F,43 F,87 %,7 mph,29.70 in
470,10-01-2018 20:20:00,46 F,45 F,93 %,8 mph,29.70 in
471,10-01-2018 20:50:00,48 F,45 F,87 %,7 mph,29.70 in
472,10-01-2018 21:20:00,46 F,43 F,87 %,6 mph,29.70 in
473,10-01-2018 21:50:00,46 F,43 F,87 %,6 mph,29.67 in
474,10-01-2018 22:20:00,46 F,43 F,87 %,5 mph,29.67 in
475,10-01-2018 22:50:00,46 F,43 F,87 %,7 mph,29.70 in
476,10-01-2018 23:20:00,46 F,43 F,87 %,6 mph,29.67 in
477,10-01-2018 23:50:00,46 F,43 F,87 %,5 mph,29.67 in
478,11-01-2018 00:20:00,46 F,43 F,87 %,5 mph,29.67 in
479,11-01-2018 00:50:00,43 F,41 F,93 %,0 mph,29.67 in
480,11-01-2018 01:20:00,43 F,41 F,93 %,5 mph,29.64 in
481,11-01-2018 01:50:00,43 F,41 F,93 %,2 mph,29.64 in
482,11-01-2018 02:20:00,45 F,43 F,93 %,5 mph,29.64 in
483,11-01-2018 03:50:00,46 F,41 F,81 %,5 mph,29.64 in
484,11-01-2018 04:20:00,46 F,39 F,76 %,3 mph,29.64 in
485,11-01-2018 04:50:00,46 F,41 F,81 %,3 mph,29.64 in
486,11-01-2018 05:20:00,46 F,43 F,87 %,3 mph,29.61 in
487,11-01-2018 05:50:00,46 F,43 F,87 %,0 mph,29.61 in
488,11-01-2018 06:20:00,43 F,41 F,93 %,6 mph,29.61 in
489,11-01-2018 05:50:00,45 F,41 F,87 %,5 mph,29.61 in
490,11-01-2018 06:20:00,45 F,41 F,87 %,6 mph,29.58 in
491,11-01-2018 06:50:00,48 F,37 F,66 %,2 mph,29.58 in
492,11-01-2018 07:20:00,46 F,36 F,66 %,1 mph,29.58 in
493,11-01-2018 07:50:00,48 F,36 F,62 %,2 mph,29.58 in
494,11-01-2018 08:20:00,46 F,37 F,71 %,5 mph,29.58 in
495,11-01-2018 08:50:00,46 F,37 F,71 %,5 mph,29.58 in
496,11-01-2018 09:20:00,50 F,37 F,62 %,2 mph,29.55 in
497,11-01-2018 09:50:00,52 F,37 F,58 %,3 mph,29.55 in
498,11-01-2018 10:20:00,52 F,36 F,54 %,2 mph,29.55 in
499,11-01-2018 10:50:00,52 F,37 F,58 %,2 mph,29.55 in
500,11-01-2018 11:20:00,54 F,37 F,54 %,3 mph,29.55 in
501,11-01-2018 11:50:00,54 F,37 F,54 %,6 mph,29.55 in
502,11-01-2018 12:20:00,54 F,37 F,54 %,5 mph,29.55 in
503,11-01-2018 12:50:00,54 F,36 F,51 %,5 mph,29.52 in
504,11-01-2018 13:06:00,54 F,36 F,51 %,5 mph,29.52 in
505,11-01-2018 13:20:00,55 F,37 F,51 %,2 mph,29.52 in
506,11-01-2018 13:50:00,54 F,37 F,54 %,1 mph,29.52 in
507,11-01-2018 14:20:00,55 F,39 F,54 %,3 mph,29.49 in
508,11-01-2018 14:50:00,55 F,39 F,54 %,3 mph,29.49 in
509,11-01-2018 15:17:00,55 F,39 F,54 %,5 mph,29.52 in
510,11-01-2018 15:20:00,55 F,39 F,54 %,6 mph,29.52 in
511,11-01-2018 15:50:00,54 F,39 F,58 %,8 mph,29.52 in
512,11-01-2018 16:20:00,52 F,43 F,71 %,5 mph,29.52 in
513,11-01-2018 16:50:00,50 F,45 F,82 %,6 mph,29.52 in
514,11-01-2018 17:20:00,50 F,45 F,82 %,6 mph,29.52 in
515,11-01-2018 17:50:00,50 F,45 F,82 %,5 mph,29.52 in
516,11-01-2018 18:20:00,48 F,46 F,93 %,8 mph,29.52 in
517,11-01-2018 18:50:00,48 F,46 F,93 %,9 mph,29.52 in
518,11-01-2018 19:20:00,48 F,46 F,93 %,12 mph,29.52 in
519,11-01-2018 19:50:00,48 F,46 F,93 %,8 mph,29.55 in
520,11-01-2018 20:20:00,48 F,46 F,93 %,9 mph,29.55 in
521,11-01-2018 20:50:00,48 F,46 F,93 %,9 mph,29.55 in
522,11-01-2018 21:20:00,48 F,46 F,93 %,10 mph,29.55 in
523,11-01-2018 21:50:00,48 F,46 F,93 %,10 mph,29.55 in
524,11-01-2018 22:20:00,48 F,46 F,93 %,10 mph,29.55 in
525,11-01-2018 22:50:00,48 F,46 F,93 %,8 mph,29.55 in
526,11-01-2018 23:20:00,48 F,46 F,93 %,7 mph,29.55 in
527,11-01-2018 23:50:00,48 F,46 F,93 %,7 mph,29.55 in
528,12-01-2018 00:20:00,48 F,46 F,93 %,7 mph,29.55 in
529,12-01-2018 00:50:00,48 F,46 F,93 %,6 mph,29.55 in
530,12-01-2018 01:20:00,48 F,46 F,93 %,5 mph,29.55 in
531,12-01-2018 01:50:00,48 F,46 F,93 %,5 mph,29.58 in
532,12-01-2018 02:20:00,48 F,46 F,93 %,5 mph,29.58 in
533,12-01-2018 03:50:00,48 F,46 F,93 %,5 mph,29.58 in
534,12-01-2018 04:20:00,48 F,46 F,93 %,3 mph,29.58 in
535,12-01-2018 04:50:00,48 F,46 F,93 %,5 mph,29.58 in
536,12-01-2018 05:20:00,48 F,46 F,93 %,6 mph,29.58 in
537,12-01-2018 05:50:00,48 F,46 F,93 %,5 mph,29.61 in
538,12-01-2018 06:20:00,46 F,46 F,100 %,7 mph,29.61 in
539,12-01-2018 05:50:00,48 F,46 F,93 %,7 mph,29.61 in
540,12-01-2018 06:20:00,48 F,46 F,93 %,7 mph,29.61 in
541,12-01-2018 06:50:00,48 F,46 F,93 %,7 mph,29.61 in
542,12-01-2018 07:20:00,48 F,46 F,93 %,6 mph,29.64 in
543,12-01-2018 07:50:00,48 F,46 F,93 %,7 mph,29.64 in
544,12-01-2018 08:20:00,48 F,46 F,93 %,5 mph,29.64 in
545,12-01-2018 08:50:00,48 F,46 F,93 %,6 mph,29.64 in
546,12-01-2018 09:20:00,48 F,46 F,93 %,7 mph,29.67 in
547,12-01-2018 09:50:00,48 F,46 F,93 %,7 mph,29.67 in
548,12-01-2018 10:20:00,48 F,46 F,93 %,6 mph,29.67 in
549,12-01-2018 10:50:00,48 F,46 F,93 %,6 mph,29.70 in
550,12-01-2018 11:20:00,48 F,46 F,93 %,6 mph,29.70 in
551,12-01-2018 11:50:00,50 F,48 F,94 %,7 mph,29.67 in
552,12-01-2018 12:20:00,50 F,48 F,94 %,8 mph,29.67 in
553,12-01-2018 12:50:00,50 F,46 F,87 %,8 mph,29.67 in
554,12-01-2018 13:20:00,48 F,46 F,93 %,8 mph,29.70 in
555,12-01-2018 13:50:00,48 F,46 F,93 %,10 mph,29.70 in
556,12-01-2018 14:20:00,50 F,46 F,87 %,9 mph,29.70 in
557,12-01-2018 14:50:00,48 F,46 F,93 %,8 mph,29.70 in
558,12-01-2018 15:20:00,50 F,48 F,94 %,9 mph,29.70 in
559,12-01-2018 15:50:00,50 F,48 F,94 %,8 mph,29.70 in
560,12-01-2018 16:20:00,50 F,46 F,87 %,10 mph,29.72 in
561,12-01-2018 16:50:00,50 F,46 F,87 %,9 mph,29.72 in
562,12-01-2018 17:20:00,48 F,48 F,100 %,8 mph,29.72 in
563,12-01-2018 17:50:00,48 F,46 F,93 %,9 mph,29.72 in
564,12-01-2018 18:20:00,48 F,48 F,100 %,9 mph,29.75 in
565,12-01-2018 18:50:00,48 F,46 F,93 %,12 mph,29.75 in
566,12-01-2018 19:20:00,48 F,46 F,93 %,12 mph,29.75 in
567,12-01-2018 19:50:00,48 F,46 F,93 %,14 mph,29.75 in
568,12-01-2018 20:20:00,48 F,45 F,87 %,14 mph,29.78 in
569,12-01-2018 20:50:00,46 F,45 F,93 %,14 mph,29.78 in
570,12-01-2018 21:20:00,46 F,45 F,93 %,16 mph,29.78 in
571,12-01-2018 21:50:00,46 F,45 F,93 %,14 mph,29.81 in
572,12-01-2018 22:20:00,46 F,45 F,93 %,15 mph,29.81 in
573,12-01-2018 22:50:00,46 F,45 F,93 %,13 mph,29.81 in
574,12-01-2018 23:20:00,46 F,43 F,87 %,15 mph,29.81 in
575,12-01-2018 23:50:00,45 F,43 F,93 %,14 mph,29.81 in
576,13-01-2018 00:20:00,45 F,43 F,93 %,15 mph,29.81 in
577,13-01-2018 00:50:00,45 F,41 F,87 %,14 mph,29.81 in
578,13-01-2018 01:20:00,45 F,41 F,87 %,14 mph,29.81 in
579,13-01-2018 01:50:00,45 F,43 F,93 %,15 mph,29.81 in
580,13-01-2018 02:20:00,45 F,43 F,93 %,15 mph,29.81 in
581,13-01-2018 03:50:00,45 F,43 F,93 %,15 mph,29.81 in
582,13-01-2018 04:20:00,45 F,43 F,93 %,16 mph,29.81 in
583,13-01-2018 04:50:00,45 F,43 F,93 %,14 mph,29.81 in
584,13-01-2018 05:20:00,45 F,43 F,93 %,14 mph,29.81 in
585,13-01-2018 05:50:00,45 F,43 F,93 %,16 mph,29.81 in
586,13-01-2018 06:20:00,45 F,41 F,87 %,15 mph,29.81 in
587,13-01-2018 05:50:00,45 F,41 F,87 %,13 mph,29.81 in
588,13-01-2018 06:20:00,45 F,41 F,87 %,15 mph,29.81 in
589,13-01-2018 06:50:00,45 F,43 F,93 %,15 mph,29.81 in
590,13-01-2018 07:20:00,45 F,43 F,93 %,15 mph,29.81 in
591,13-01-2018 07:50:00,45 F,43 F,93 %,16 mph,29.81 in
592,13-01-2018 08:20:00,45 F,43 F,93 %,16 mph,29.81 in
593,13-01-2018 08:50:00,45 F,43 F,93 %,15 mph,29.81 in
594,13-01-2018 09:20:00,45 F,43 F,93 %,15 mph,29.81 in
595,13-01-2018 09:50:00,46 F,43 F,87 %,18 mph,29.81 in
596,13-01-2018 10:13:00,46 F,43 F,87 %,17 mph,29.81 in
597,13-01-2018 10:20:00,46 F,43 F,87 %,16 mph,29.81 in
598,13-01-2018 10:50:00,46 F,43 F,87 %,17 mph,29.81 in
599,13-01-2018 11:20:00,46 F,43 F,87 %,18 mph,29.81 in
600,13-01-2018 11:50:00,46 F,43 F,87 %,18 mph,29.78 in
601,13-01-2018 12:20:00,46 F,43 F,87 %,18 mph,29.78 in
602,13-01-2018 12:50:00,46 F,43 F,87 %,18 mph,29.78 in
603,13-01-2018 13:20:00,46 F,43 F,87 %,17 mph,29.75 in
604,13-01-2018 13:50:00,46 F,43 F,87 %,18 mph,29.75 in
605,13-01-2018 14:20:00,46 F,43 F,87 %,17 mph,29.75 in
606,13-01-2018 14:50:00,46 F,43 F,87 %,21 mph,29.75 in
607,13-01-2018 15:20:00,45 F,41 F,87 %,21 mph,29.75 in
608,13-01-2018 15:50:00,45 F,41 F,87 %,21 mph,29.75 in
609,13-01-2018 16:20:00,45 F,41 F,87 %,22 mph,29.75 in
610,13-01-2018 16:50:00,45 F,41 F,87 %,22 mph,29.75 in
611,13-01-2018 17:20:00,43 F,41 F,93 %,23 mph,29.75 in
612,13-01-2018 17:50:00,43 F,41 F,93 %,23 mph,29.75 in
613,13-01-2018 18:20:00,43 F,41 F,93 %,20 mph,29.75 in
614,13-01-2018 18:50:00,43 F,41 F,93 %,20 mph,29.75 in
615,13-01-2018 19:20:00,43 F,41 F,93 %,21 mph,29.78 in
616,13-01-2018 19:50:00,43 F,41 F,93 %,24 mph,29.75 in
617,13-01-2018 20:20:00,43 F,41 F,93 %,22 mph,29.75 in
618,13-01-2018 20:50:00,43 F,39 F,87 %,22 mph,29.75 in
619,13-01-2018 21:20:00,41 F,39 F,93 %,24 mph,29.75 in
620,13-01-2018 21:50:00,41 F,39 F,93 %,24 mph,29.75 in
621,13-01-2018 22:20:00,41 F,39 F,93 %,25 mph,29.75 in
622,13-01-2018 22:50:00,41 F,39 F,93 %,23 mph,29.75 in
623,13-01-2018 23:20:00,41 F,39 F,93 %,21 mph,29.78 in
624,13-01-2018 23:50:00,41 F,39 F,93 %,20 mph,29.75 in
625,14-01-2018 00:20:00,41 F,39 F,93 %,20 mph,29.75 in
626,14-01-2018 00:50:00,41 F,39 F,93 %,24 mph,29.75 in
627,14-01-2018 01:20:00,41 F,37 F,87 %,23 mph,29.75 in
628,14-01-2018 01:50:00,41 F,37 F,87 %,23 mph,29.75 in
629,14-01-2018 02:20:00,41 F,37 F,87 %,23 mph,29.75 in
630,14-01-2018 03:50:00,41 F,37 F,87 %,22 mph,29.75 in
631,14-01-2018 04:20:00,41 F,37 F,87 %,21 mph,29.75 in
632,14-01-2018 04:50:00,41 F,37 F,87 %,21 mph,29.78 in
633,14-01-2018 05:20:00,41 F,37 F,87 %,21 mph,29.78 in
634,14-01-2018 05:50:00,41 F,37 F,87 %,22 mph,29.78 in
635,14-01-2018 06:20:00,39 F,37 F,93 %,21 mph,29.78 in
636,14-01-2018 05:50:00,39 F,37 F,93 %,18 mph,29.78 in
637,14-01-2018 06:00:00,39 F,37 F,93 %,20 mph,29.78 in
638,14-01-2018 06:20:00,39 F,37 F,93 %,18 mph,29.81 in
639,14-01-2018 06:50:00,39 F,37 F,93 %,18 mph,29.81 in
640,14-01-2018 07:20:00,39 F,36 F,87 %,16 mph,29.81 in
641,14-01-2018 07:50:00,39 F,36 F,87 %,18 mph,29.84 in
642,14-01-2018 08:20:00,39 F,36 F,87 %,17 mph,29.84 in
643,14-01-2018 08:50:00,39 F,36 F,87 %,15 mph,29.84 in
644,14-01-2018 09:20:00,39 F,36 F,87 %,17 mph,29.87 in
645,14-01-2018 09:50:00,39 F,36 F,87 %,18 mph,29.87 in
646,14-01-2018 10:20:00,39 F,36 F,87 %,18 mph,29.87 in
647,14-01-2018 10:50:00,39 F,37 F,93 %,21 mph,29.87 in
648,14-01-2018 11:20:00,39 F,36 F,87 %,22 mph,29.87 in
649,14-01-2018 11:50:00,39 F,36 F,87 %,22 mph,29.87 in
650,14-01-2018 12:20:00,39 F,36 F,87 %,21 mph,29.87 in
651,14-01-2018 12:50:00,39 F,36 F,87 %,22 mph,29.87 in
652,14-01-2018 13:20:00,39 F,36 F,87 %,23 mph,29.87 in
653,14-01-2018 13:50:00,39 F,36 F,87 %,21 mph,29.87 in
654,14-01-2018 14:20:00,39 F,36 F,87 %,23 mph,29.90 in
655,14-01-2018 14:50:00,39 F,34 F,81 %,21 mph,29.90 in
656,14-01-2018 15:20:00,39 F,34 F,81 %,20 mph,29.90 in
657,14-01-2018 15:50:00,39 F,34 F,81 %,22 mph,29.93 in
658,14-01-2018 16:20:00,39 F,34 F,81 %,20 mph,29.93 in
659,14-01-2018 16:50:00,39 F,36 F,87 %,17 mph,29.93 in
660,14-01-2018 17:20:00,39 F,32 F,75 %,14 mph,29.96 in
661,14-01-2018 17:50:00,39 F,34 F,81 %,12 mph,29.96 in
662,14-01-2018 18:20:00,39 F,32 F,75 %,14 mph,29.96 in
663,14-01-2018 18:50:00,37 F,34 F,87 %,12 mph,29.99 in
664,14-01-2018 19:20:00,39 F,32 F,75 %,13 mph,29.99 in
665,14-01-2018 19:50:00,37 F,34 F,87 %,15 mph,29.99 in
666,14-01-2018 20:20:00,37 F,34 F,87 %,16 mph,29.99 in
667,14-01-2018 20:50:00,39 F,30 F,70 %,14 mph,29.99 in
668,14-01-2018 21:20:00,39 F,30 F,70 %,10 mph,30.02 in
669,14-01-2018 21:50:00,37 F,30 F,75 %,12 mph,30.02 in
670,14-01-2018 22:20:00,37 F,32 F,81 %,13 mph,30.02 in
671,14-01-2018 22:50:00,37 F,30 F,75 %,10 mph,30.02 in
672,14-01-2018 23:20:00,37 F,32 F,81 %,9 mph,30.02 in
673,14-01-2018 23:50:00,36 F,30 F,81 %,8 mph,30.05 in
674,15-01-2018 00:20:00,36 F,30 F,81 %,7 mph,30.05 in
675,15-01-2018 00:50:00,36 F,30 F,81 %,8 mph,30.05 in
676,15-01-2018 01:20:00,36 F,30 F,81 %,8 mph,30.05 in
677,15-01-2018 01:50:00,36 F,30 F,81 %,8 mph,30.05 in
678,15-01-2018 02:20:00,36 F,30 F,81 %,7 mph,30.05 in
679,15-01-2018 03:50:00,36 F,30 F,81 %,6 mph,30.05 in
680,15-01-2018 04:20:00,36 F,32 F,87 %,7 mph,30.05 in
681,15-01-2018 04:50:00,36 F,32 F,87 %,7 mph,30.05 in
682,15-01-2018 05:20:00,36 F,32 F,87 %,8 mph,30.05 in
683,15-01-2018 05:50:00,36 F,32 F,87 %,8 mph,30.05 in
684,15-01-2018 06:20:00,36 F,30 F,81 %,8 mph,30.05 in
685,15-01-2018 05:50:00,36 F,32 F,87 %,9 mph,30.05 in
686,15-01-2018 06:20:00,36 F,32 F,87 %,7 mph,30.05 in
687,15-01-2018 06:50:00,36 F,32 F,87 %,10 mph,30.05 in
688,15-01-2018 07:20:00,36 F,32 F,87 %,10 mph,30.05 in
689,15-01-2018 07:50:00,37 F,32 F,81 %,9 mph,30.05 in
690,15-01-2018 08:20:00,37 F,32 F,81 %,8 mph,30.05 in
691,15-01-2018 08:50:00,37 F,32 F,81 %,8 mph,30.07 in
692,15-01-2018 09:20:00,37 F,32 F,81 %,8 mph,30.07 in
693,15-01-2018 09:50:00,39 F,32 F,75 %,7 mph,30.07 in
694,15-01-2018 10:20:00,39 F,32 F,75 %,8 mph,30.07 in
695,15-01-2018 10:50:00,41 F,32 F,70 %,8 mph,30.07 in
696,15-01-2018 11:20:00,41 F,32 F,70 %,9 mph,30.05 in
697,15-01-2018 11:50:00,41 F,28 F,61 %,8 mph,30.05 in
698,15-01-2018 12:20:00,43 F,25 F,49 %,7 mph,30.05 in
699,15-01-2018 12:50:00,43 F,25 F,49 %,6 mph,30.05 in
700,15-01-2018 13:20:00,45 F,27 F,49 %,9 mph,30.02 in
701,15-01-2018 13:50:00,43 F,28 F,57 %,9 mph,30.02 in
702,15-01-2018 14:20:00,43 F,28 F,57 %,7 mph,30.02 in
703,15-01-2018 14:50:00,43 F,30 F,61 %,6 mph,30.02 in
704,15-01-2018 15:20:00,45 F,30 F,57 %,7 mph,29.99 in
705,15-01-2018 15:50:00,43 F,30 F,61 %,8 mph,30.02 in
706,15-01-2018 16:20:00,43 F,30 F,61 %,8 mph,30.02 in
707,15-01-2018 16:50:00,43 F,30 F,61 %,9 mph,29.99 in
708,15-01-2018 17:20:00,41 F,30 F,65 %,9 mph,29.99 in
709,15-01-2018 17:50:00,41 F,30 F,65 %,7 mph,29.99 in
710,15-01-2018 18:20:00,39 F,30 F,70 %,7 mph,29.99 in
711,15-01-2018 18:50:00,39 F,30 F,70 %,7 mph,29.99 in
712,15-01-2018 19:20:00,37 F,30 F,75 %,7 mph,29.99 in
713,15-01-2018 19:50:00,37 F,30 F,75 %,8 mph,29.99 in
714,15-01-2018 20:20:00,39 F,30 F,70 %,7 mph,29.99 in
715,15-01-2018 20:50:00,39 F,30 F,70 %,9 mph,29.99 in
716,15-01-2018 21:20:00,39 F,30 F,70 %,7 mph,29.99 in
717,15-01-2018 21:50:00,39 F,30 F,70 %,5 mph,29.96 in
718,15-01-2018 22:20:00,39 F,30 F,70 %,5 mph,29.96 in
719,15-01-2018 22:50:00,39 F,30 F,70 %,5 mph,29.96 in
720,15-01-2018 23:20:00,39 F,30 F,70 %,5 mph,29.96 in
721,15-01-2018 23:50:00,39 F,32 F,75 %,3 mph,29.96 in
722,16-01-2018 00:20:00,39 F,32 F,75 %,5 mph,29.93 in
723,16-01-2018 00:50:00,37 F,32 F,81 %,6 mph,29.93 in
724,16-01-2018 01:20:00,39 F,32 F,75 %,2 mph,29.93 in
725,16-01-2018 01:50:00,39 F,32 F,75 %,1 mph,29.90 in
726,16-01-2018 02:20:00,39 F,32 F,75 %,3 mph,29.90 in
727,16-01-2018 03:50:00,37 F,32 F,81 %,3 mph,29.90 in
728,16-01-2018 04:20:00,39 F,32 F,75 %,2 mph,29.87 in
729,16-01-2018 04:50:00,39 F,32 F,75 %,3 mph,29.87 in
730,16-01-2018 05:20:00,37 F,32 F,81 %,2 mph,29.84 in
731,16-01-2018 05:50:00,39 F,32 F,75 %,1 mph,29.84 in
732,16-01-2018 06:20:00,39 F,32 F,75 %,3 mph,29.84 in
733,16-01-2018 05:50:00,37 F,32 F,81 %,1 mph,29.81 in
734,16-01-2018 06:20:00,41 F,32 F,70 %,3 mph,29.81 in
735,16-01-2018 06:50:00,39 F,32 F,75 %,2 mph,29.81 in
736,16-01-2018 07:20:00,39 F,32 F,75 %,2 mph,29.78 in
737,16-01-2018 07:50:00,39 F,32 F,75 %,1 mph,29.78 in
738,16-01-2018 08:20:00,41 F,34 F,76 %,1 mph,29.78 in
739,16-01-2018 08:31:00,43 F,34 F,70 %,3 mph,29.78 in
740,16-01-2018 08:50:00,43 F,34 F,70 %,3 mph,29.78 in
741,16-01-2018 09:20:00,45 F,36 F,71 %,2 mph,29.78 in
742,16-01-2018 09:50:00,45 F,37 F,76 %,6 mph,29.78 in
743,16-01-2018 10:20:00,45 F,39 F,81 %,5 mph,29.78 in
744,16-01-2018 10:50:00,45 F,41 F,87 %,7 mph,29.75 in
745,16-01-2018 11:20:00,46 F,41 F,81 %,7 mph,29.75 in
746,16-01-2018 11:50:00,46 F,39 F,76 %,7 mph,29.75 in
747,16-01-2018 12:20:00,46 F,41 F,81 %,7 mph,29.72 in
748,16-01-2018 12:50:00,46 F,41 F,81 %,7 mph,29.70 in
749,16-01-2018 13:20:00,46 F,41 F,81 %,6 mph,29.70 in
750,16-01-2018 13:50:00,48 F,41 F,76 %,2 mph,29.67 in
751,16-01-2018 14:20:00,46 F,43 F,87 %,3 mph,29.67 in
752,16-01-2018 14:50:00,46 F,43 F,87 %,3 mph,29.67 in
753,16-01-2018 15:20:00,46 F,43 F,87 %,1 mph,29.67 in
754,16-01-2018 15:50:00,46 F,45 F,93 %,6 mph,29.64 in
755,16-01-2018 16:20:00,48 F,43 F,82 %,6 mph,29.64 in
756,16-01-2018 16:50:00,48 F,43 F,82 %,5 mph,29.64 in
757,16-01-2018 17:20:00,48 F,43 F,82 %,2 mph,29.64 in
758,16-01-2018 17:50:00,48 F,43 F,82 %,3 mph,29.64 in
759,16-01-2018 18:20:00,48 F,43 F,82 %,3 mph,29.64 in
760,16-01-2018 18:42:00,48 F,43 F,82 %,5 mph,29.64 in
761,16-01-2018 18:50:00,48 F,43 F,82 %,5 mph,29.64 in
762,16-01-2018 19:20:00,48 F,43 F,82 %,6 mph,29.61 in
763,16-01-2018 19:50:00,48 F,43 F,82 %,6 mph,29.61 in
764,16-01-2018 20:20:00,48 F,41 F,76 %,5 mph,29.61 in
765,16-01-2018 20:50:00,48 F,41 F,76 %,6 mph,29.61 in
766,16-01-2018 21:20:00,48 F,41 F,76 %,6 mph,29.58 in
767,16-01-2018 21:50:00,48 F,43 F,82 %,3 mph,29.58 in
768,16-01-2018 22:20:00,48 F,43 F,82 %,6 mph,29.58 in
769,16-01-2018 22:50:00,48 F,41 F,76 %,5 mph,29.55 in
770,16-01-2018 23:20:00,48 F,41 F,76 %,3 mph,29.58 in
771,16-01-2018 23:50:00,48 F,41 F,76 %,5 mph,29.55 in
772,17-01-2018 00:20:00,48 F,41 F,76 %,3 mph,29.55 in
773,17-01-2018 00:50:00,48 F,41 F,76 %,3 mph,29.55 in
774,17-01-2018 01:20:00,48 F,41 F,76 %,3 mph,29.55 in
775,17-01-2018 01:50:00,48 F,41 F,76 %,0 mph,29.55 in
776,17-01-2018 02:20:00,48 F,43 F,82 %,3 mph,29.55 in
777,17-01-2018 03:50:00,48 F,41 F,76 %,5 mph,29.52 in
778,17-01-2018 04:20:00,50 F,43 F,76 %,6 mph,29.52 in
779,17-01-2018 04:50:00,50 F,43 F,76 %,5 mph,29.49 in
780,17-01-2018 05:20:00,50 F,43 F,76 %,5 mph,29.49 in
781,17-01-2018 05:50:00,50 F,41 F,71 %,6 mph,29.49 in
782,17-01-2018 06:20:00,48 F,41 F,76 %,6 mph,29.49 in
783,17-01-2018 05:50:00,50 F,41 F,71 %,7 mph,29.49 in
784,17-01-2018 06:20:00,48 F,41 F,76 %,5 mph,29.49 in
785,17-01-2018 06:50:00,48 F,41 F,76 %,5 mph,29.46 in
786,17-01-2018 07:20:00,48 F,41 F,76 %,3 mph,29.46 in
787,17-01-2018 07:50:00,48 F,41 F,76 %,6 mph,29.46 in
788,17-01-2018 08:20:00,50 F,41 F,71 %,7 mph,29.46 in
789,17-01-2018 08:50:00,50 F,41 F,71 %,9 mph,29.46 in
790,17-01-2018 09:20:00,50 F,41 F,71 %,9 mph,29.46 in
791,17-01-2018 09:50:00,50 F,41 F,71 %,10 mph,29.46 in
792,17-01-2018 10:20:00,54 F,43 F,67 %,9 mph,29.46 in
793,17-01-2018 10:50:00,55 F,43 F,63 %,8 mph,29.46 in
794,17-01-2018 11:20:00,55 F,43 F,63 %,10 mph,29.43 in
795,17-01-2018 11:50:00,55 F,43 F,63 %,10 mph,29.43 in
796,17-01-2018 12:20:00,55 F,45 F,67 %,10 mph,29.43 in
797,17-01-2018 12:50:00,57 F,45 F,63 %,14 mph,29.40 in
798,17-01-2018 13:20:00,57 F,43 F,59 %,15 mph,29.37 in
799,17-01-2018 13:50:00,57 F,43 F,59 %,16 mph,29.37 in
800,17-01-2018 14:20:00,57 F,43 F,59 %,14 mph,29.34 in
801,17-01-2018 14:50:00,59 F,43 F,55 %,13 mph,29.34 in
802,17-01-2018 15:20:00,57 F,43 F,59 %,14 mph,29.32 in
803,17-01-2018 15:50:00,57 F,43 F,59 %,10 mph,29.32 in
804,17-01-2018 16:20:00,57 F,41 F,55 %,12 mph,29.29 in
805,17-01-2018 16:50:00,57 F,41 F,55 %,8 mph,29.29 in
806,17-01-2018 17:20:00,55 F,41 F,58 %,8 mph,29.26 in
807,17-01-2018 17:50:00,55 F,41 F,58 %,8 mph,29.26 in
808,17-01-2018 18:11:00,55 F,41 F,58 %,8 mph,29.23 in
809,17-01-2018 18:20:00,55 F,41 F,58 %,8 mph,29.23 in
810,17-01-2018 18:50:00,55 F,43 F,63 %,7 mph,29.23 in
811,17-01-2018 19:20:00,54 F,45 F,72 %,6 mph,29.23 in
812,17-01-2018 19:50:00,52 F,43 F,71 %,7 mph,29.20 in
813,17-01-2018 20:20:00,54 F,43 F,67 %,12 mph,29.20 in
814,17-01-2018 20:50:00,52 F,45 F,76 %,10 mph,29.17 in
815,17-01-2018 21:20:00,52 F,45 F,76 %,8 mph,29.17 in
816,17-01-2018 21:41:00,50 F,45 F,82 %,5 mph,29.14 in
817,17-01-2018 21:50:00,52 F,45 F,76 %,7 mph,29.14 in
818,17-01-2018 22:20:00,52 F,45 F,76 %,7 mph,29.14 in
819,17-01-2018 22:50:00,52 F,45 F,76 %,8 mph,29.11 in
820,17-01-2018 23:20:00,54 F,43 F,67 %,12 mph,29.08 in
821,17-01-2018 23:50:00,54 F,43 F,67 %,9 mph,29.08 in
822,18-01-2018 00:20:00,54 F,43 F,67 %,7 mph,29.05 in
823,18-01-2018 00:50:00,54 F,43 F,67 %,7 mph,29.05 in
824,18-01-2018 01:20:00,55 F,43 F,63 %,9 mph,29.02 in
825,18-01-2018 01:50:00,59 F,43 F,55 %,16 mph,28.99 in
826,18-01-2018 02:05:00,57 F,43 F,59 %,15 mph,28.99 in
827,18-01-2018 02:20:00,57 F,43 F,59 %,16 mph,28.99 in
828,18-01-2018 03:50:00,55 F,43 F,63 %,12 mph,28.97 in
829,18-01-2018 04:02:00,55 F,43 F,63 %,12 mph,28.97 in
830,18-01-2018 04:20:00,55 F,45 F,67 %,12 mph,28.97 in
831,18-01-2018 04:50:00,55 F,45 F,67 %,10 mph,28.94 in
832,18-01-2018 05:20:00,55 F,45 F,67 %,10 mph,28.91 in
833,18-01-2018 05:50:00,55 F,45 F,67 %,16 mph,28.91 in
834,18-01-2018 06:20:00,55 F,46 F,72 %,14 mph,28.88 in
835,18-01-2018 05:50:00,52 F,48 F,88 %,24 mph,28.91 in
836,18-01-2018 06:04:00,48 F,46 F,93 %,22 mph,28.91 in
837,18-01-2018 06:20:00,48 F,46 F,93 %,17 mph,28.91 in
838,18-01-2018 06:37:00,48 F,45 F,87 %,17 mph,28.91 in
839,18-01-2018 06:50:00,46 F,41 F,81 %,21 mph,28.94 in
840,18-01-2018 07:07:00,43 F,39 F,87 %,23 mph,28.97 in
841,18-01-2018 07:20:00,43 F,39 F,87 %,18 mph,28.97 in
842,18-01-2018 07:50:00,43 F,37 F,81 %,16 mph,28.97 in
843,18-01-2018 08:20:00,43 F,36 F,76 %,9 mph,28.99 in
844,18-01-2018 08:50:00,43 F,37 F,81 %,7 mph,29.02 in
845,18-01-2018 09:20:00,43 F,37 F,81 %,9 mph,29.05 in
846,18-01-2018 09:50:00,41 F,36 F,81 %,20 mph,29.08 in
847,18-01-2018 10:20:00,41 F,36 F,81 %,12 mph,29.11 in
848,18-01-2018 10:50:00,41 F,36 F,81 %,15 mph,29.14 in
849,18-01-2018 11:20:00,41 F,36 F,81 %,10 mph,29.17 in
850,18-01-2018 11:50:00,41 F,36 F,81 %,13 mph,29.20 in
851,18-01-2018 12:20:00,41 F,36 F,81 %,14 mph,29.20 in
852,18-01-2018 12:50:00,39 F,34 F,81 %,15 mph,29.23 in
853,18-01-2018 13:20:00,39 F,34 F,81 %,15 mph,29.23 in
854,18-01-2018 13:50:00,39 F,34 F,81 %,20 mph,29.23 in
855,18-01-2018 14:20:00,39 F,34 F,81 %,18 mph,29.26 in
856,18-01-2018 14:50:00,39 F,36 F,87 %,9 mph,29.29 in
857,18-01-2018 15:20:00,39 F,36 F,87 %,8 mph,29.32 in
858,18-01-2018 15:50:00,39 F,36 F,87 %,12 mph,29.34 in
859,18-01-2018 16:20:00,39 F,36 F,87 %,10 mph,29.37 in
860,18-01-2018 16:50:00,39 F,36 F,87 %,8 mph,29.37 in
861,18-01-2018 17:20:00,39 F,36 F,87 %,8 mph,29.40 in
862,18-01-2018 17:50:00,41 F,36 F,81 %,7 mph,29.40 in
863,18-01-2018 18:20:00,41 F,34 F,76 %,7 mph,29.43 in
864,18-01-2018 18:50:00,43 F,34 F,70 %,9 mph,29.43 in
865,18-01-2018 19:20:00,41 F,34 F,76 %,7 mph,29.46 in
866,18-01-2018 19:50:00,43 F,32 F,66 %,12 mph,29.46 in
867,18-01-2018 20:20:00,43 F,32 F,66 %,9 mph,29.46 in
868,18-01-2018 20:50:00,43 F,32 F,66 %,13 mph,29.49 in
869,18-01-2018 21:20:00,41 F,30 F,65 %,10 mph,29.49 in
870,18-01-2018 21:50:00,41 F,30 F,65 %,12 mph,29.52 in
871,18-01-2018 22:20:00,41 F,28 F,61 %,12 mph,29.52 in
872,18-01-2018 22:50:00,41 F,28 F,61 %,10 mph,29.52 in
873,18-01-2018 23:20:00,39 F,28 F,65 %,8 mph,29.55 in
874,18-01-2018 23:50:00,39 F,28 F,65 %,7 mph,29.55 in
875,19-01-2018 00:20:00,39 F,28 F,65 %,3 mph,29.55 in
876,19-01-2018 00:50:00,39 F,28 F,65 %,6 mph,29.55 in
877,19-01-2018 01:20:00,39 F,28 F,65 %,8 mph,29.55 in
878,19-01-2018 01:50:00,39 F,28 F,65 %,5 mph,29.55 in
879,19-01-2018 02:20:00,39 F,28 F,65 %,7 mph,29.58 in
880,19-01-2018 03:50:00,39 F,28 F,65 %,6 mph,29.58 in
881,19-01-2018 04:20:00,39 F,28 F,65 %,6 mph,29.58 in
882,19-01-2018 04:50:00,37 F,28 F,70 %,5 mph,29.58 in
883,19-01-2018 05:20:00,37 F,28 F,70 %,6 mph,29.58 in
884,19-01-2018 05:50:00,37 F,27 F,65 %,6 mph,29.58 in
885,19-01-2018 06:20:00,37 F,28 F,70 %,8 mph,29.58 in
886,19-01-2018 05:50:00,37 F,28 F,70 %,7 mph,29.61 in
887,19-01-2018 06:20:00,36 F,28 F,75 %,7 mph,29.61 in
888,19-01-2018 06:50:00,36 F,28 F,75 %,6 mph,29.61 in
889,19-01-2018 07:20:00,34 F,27 F,75 %,5 mph,29.61 in
890,19-01-2018 07:50:00,36 F,28 F,75 %,7 mph,29.64 in
891,19-01-2018 08:20:00,39 F,28 F,65 %,3 mph,29.64 in
892,19-01-2018 08:50:00,43 F,28 F,57 %,2 mph,29.64 in
893,19-01-2018 09:20:00,43 F,30 F,61 %,7 mph,29.64 in
894,19-01-2018 09:50:00,45 F,28 F,53 %,9 mph,29.64 in
895,19-01-2018 10:20:00,45 F,27 F,49 %,14 mph,29.64 in
896,19-01-2018 10:50:00,46 F,27 F,46 %,13 mph,29.64 in
897,19-01-2018 11:20:00,46 F,27 F,46 %,10 mph,29.67 in
898,19-01-2018 11:50:00,46 F,27 F,46 %,9 mph,29.67 in
899,19-01-2018 12:20:00,46 F,25 F,43 %,9 mph,29.67 in
900,19-01-2018 12:50:00,48 F,27 F,43 %,9 mph,29.67 in
901,19-01-2018 13:20:00,48 F,25 F,40 %,14 mph,29.67 in
902,19-01-2018 13:50:00,48 F,25 F,40 %,14 mph,29.67 in
903,19-01-2018 14:20:00,50 F,28 F,43 %,13 mph,29.67 in
904,19-01-2018 14:50:00,50 F,27 F,40 %,14 mph,29.67 in
905,19-01-2018 15:20:00,50 F,27 F,40 %,13 mph,29.67 in
906,19-01-2018 15:50:00,50 F,27 F,40 %,13 mph,29.67 in
907,19-01-2018 16:20:00,50 F,28 F,43 %,12 mph,29.67 in
908,19-01-2018 16:50:00,50 F,28 F,43 %,7 mph,29.70 in
909,19-01-2018 17:20:00,48 F,28 F,46 %,8 mph,29.70 in
910,19-01-2018 17:50:00,46 F,28 F,50 %,9 mph,29.70 in
911,19-01-2018 18:20:00,46 F,30 F,53 %,8 mph,29.70 in
912,19-01-2018 18:50:00,45 F,30 F,57 %,8 mph,29.70 in
913,19-01-2018 19:20:00,45 F,32 F,61 %,8 mph,29.67 in
914,19-01-2018 19:50:00,45 F,28 F,53 %,6 mph,29.67 in
915,19-01-2018 20:20:00,45 F,30 F,57 %,3 mph,29.67 in
916,19-01-2018 20:50:00,45 F,28 F,53 %,5 mph,29.67 in
917,19-01-2018 21:20:00,45 F,28 F,53 %,6 mph,29.67 in
918,19-01-2018 21:50:00,43 F,27 F,53 %,5 mph,29.70 in
919,19-01-2018 22:20:00,43 F,28 F,57 %,2 mph,29.67 in
920,19-01-2018 22:50:00,41 F,28 F,61 %,2 mph,29.70 in
921,19-01-2018 23:20:00,41 F,28 F,61 %,2 mph,29.67 in
922,19-01-2018 23:50:00,39 F,28 F,65 %,2 mph,29.67 in
923,20-01-2018 00:20:00,39 F,28 F,65 %,3 mph,29.67 in
924,20-01-2018 00:50:00,39 F,28 F,65 %,3 mph,29.67 in
925,20-01-2018 01:20:00,39 F,30 F,70 %,3 mph,29.67 in
926,20-01-2018 01:50:00,41 F,30 F,65 %,2 mph,29.67 in
927,20-01-2018 02:20:00,41 F,30 F,65 %,2 mph,29.67 in
928,20-01-2018 03:50:00,39 F,28 F,65 %,3 mph,29.67 in
929,20-01-2018 04:20:00,39 F,30 F,70 %,3 mph,29.67 in
930,20-01-2018 04:50:00,37 F,28 F,70 %,3 mph,29.67 in
931,20-01-2018 05:20:00,39 F,28 F,65 %,2 mph,29.67 in
932,20-01-2018 05:50:00,43 F,27 F,53 %,3 mph,29.67 in
933,20-01-2018 06:20:00,43 F,23 F,46 %,5 mph,29.67 in
934,20-01-2018 05:50:00,43 F,23 F,46 %,2 mph,29.67 in
935,20-01-2018 06:20:00,43 F,25 F,49 %,6 mph,29.64 in
936,20-01-2018 06:50:00,43 F,25 F,49 %,2 mph,29.67 in
937,20-01-2018 07:20:00,43 F,23 F,46 %,1 mph,29.64 in
938,20-01-2018 07:50:00,43 F,23 F,46 %,2 mph,29.64 in
939,20-01-2018 08:20:00,45 F,23 F,43 %,5 mph,29.64 in
940,20-01-2018 08:50:00,45 F,25 F,46 %,6 mph,29.67 in
941,20-01-2018 09:20:00,46 F,25 F,43 %,6 mph,29.64 in
942,20-01-2018 09:50:00,48 F,27 F,43 %,6 mph,29.64 in
943,20-01-2018 10:20:00,50 F,27 F,40 %,6 mph,29.64 in
944,20-01-2018 10:50:00,50 F,27 F,40 %,12 mph,29.64 in
945,20-01-2018 11:20:00,52 F,28 F,41 %,10 mph,29.64 in
946,20-01-2018 11:50:00,52 F,32 F,47 %,9 mph,29.64 in
947,20-01-2018 12:20:00,54 F,30 F,41 %,12 mph,29.64 in
948,20-01-2018 12:50:00,54 F,30 F,41 %,12 mph,29.61 in
949,20-01-2018 13:20:00,54 F,32 F,44 %,9 mph,29.61 in
950,20-01-2018 13:50:00,55 F,34 F,44 %,8 mph,29.61 in
951,20-01-2018 14:20:00,57 F,36 F,44 %,12 mph,29.58 in
952,20-01-2018 14:50:00,57 F,37 F,48 %,14 mph,29.58 in
953,20-01-2018 15:20:00,55 F,37 F,51 %,15 mph,29.58 in
954,20-01-2018 15:50:00,55 F,36 F,47 %,9 mph,29.58 in
955,20-01-2018 16:20:00,55 F,36 F,47 %,12 mph,29.58 in
956,20-01-2018 16:50:00,55 F,36 F,47 %,9 mph,29.58 in
957,20-01-2018 17:20:00,55 F,36 F,47 %,9 mph,29.55 in
958,20-01-2018 17:50:00,54 F,34 F,47 %,10 mph,29.55 in
959,20-01-2018 18:20:00,54 F,36 F,51 %,12 mph,29.55 in
960,20-01-2018 18:50:00,55 F,34 F,44 %,12 mph,29.55 in
961,20-01-2018 19:20:00,55 F,36 F,47 %,10 mph,29.55 in
962,20-01-2018 19:50:00,54 F,36 F,51 %,10 mph,29.55 in
963,20-01-2018 20:20:00,54 F,37 F,54 %,7 mph,29.52 in
964,20-01-2018 20:50:00,54 F,36 F,51 %,7 mph,29.52 in
965,20-01-2018 21:17:00,54 F,36 F,51 %,9 mph,29.52 in
966,20-01-2018 21:20:00,54 F,36 F,51 %,10 mph,29.52 in
967,20-01-2018 21:42:00,54 F,39 F,58 %,9 mph,29.52 in
968,20-01-2018 21:50:00,54 F,39 F,58 %,8 mph,29.52 in
969,20-01-2018 22:20:00,54 F,39 F,58 %,5 mph,29.49 in
970,20-01-2018 22:50:00,54 F,41 F,62 %,6 mph,29.49 in
971,20-01-2018 23:20:00,54 F,39 F,58 %,7 mph,29.49 in
972,20-01-2018 23:50:00,54 F,41 F,62 %,7 mph,29.49 in
973,20-01-2018 00:07:00,55 F,43 F,63 %,9 mph,29.49 in
974,21-01-2018 00:20:00,55 F,43 F,63 %,8 mph,29.49 in
975,21-01-2018 00:50:00,55 F,45 F,67 %,8 mph,29.49 in
976,21-01-2018 00:59:00,55 F,45 F,67 %,10 mph,29.49 in
977,21-01-2018 01:20:00,55 F,46 F,72 %,18 mph,29.49 in
978,21-01-2018 01:50:00,55 F,46 F,72 %,16 mph,29.49 in
979,21-01-2018 02:07:00,55 F,46 F,72 %,16 mph,29.49 in
980,21-01-2018 02:20:00,55 F,46 F,72 %,18 mph,29.49 in
981,21-01-2018 03:50:00,55 F,46 F,72 %,17 mph,29.49 in
982,21-01-2018 04:06:00,54 F,46 F,77 %,21 mph,29.55 in
983,21-01-2018 04:09:00,50 F,45 F,82 %,26 mph,29.55 in
984,21-01-2018 04:20:00,46 F,41 F,81 %,18 mph,29.55 in
985,21-01-2018 04:50:00,43 F,39 F,87 %,9 mph,29.58 in
986,21-01-2018 05:20:00,43 F,41 F,93 %,10 mph,29.58 in
987,21-01-2018 05:50:00,43 F,41 F,93 %,5 mph,29.58 in
988,21-01-2018 06:20:00,41 F,39 F,93 %,9 mph,29.61 in
989,21-01-2018 05:50:00,41 F,39 F,93 %,9 mph,29.61 in
990,21-01-2018 06:20:00,41 F,41 F,100 %,9 mph,29.61 in
991,21-01-2018 06:50:00,41 F,39 F,93 %,9 mph,29.61 in
992,21-01-2018 07:20:00,43 F,41 F,93 %,8 mph,29.61 in
993,21-01-2018 07:25:00,43 F,41 F,93 %,8 mph,29.61 in
994,21-01-2018 07:50:00,43 F,41 F,93 %,9 mph,29.61 in
995,21-01-2018 08:20:00,43 F,41 F,93 %,9 mph,29.61 in
996,21-01-2018 08:35:00,43 F,41 F,93 %,9 mph,29.61 in
997,21-01-2018 08:50:00,43 F,41 F,93 %,9 mph,29.61 in
998,21-01-2018 09:20:00,43 F,41 F,93 %,10 mph,29.61 in
999,21-01-2018 09:50:00,45 F,41 F,87 %,9 mph,29.61 in
1000,21-01-2018 10:13:00,45 F,41 F,87 %,12 mph,29.61 in
1001,21-01-2018 10:20:00,45 F,41 F,87 %,12 mph,29.61 in
1002,21-01-2018 10:50:00,45 F,41 F,87 %,10 mph,29.61 in
1003,21-01-2018 11:20:00,45 F,43 F,93 %,9 mph,29.58 in
1004,21-01-2018 11:50:00,45 F,43 F,93 %,10 mph,29.55 in
1005,21-01-2018 12:20:00,45 F,43 F,93 %,8 mph,29.55 in
1006,21-01-2018 12:50:00,45 F,43 F,93 %,7 mph,29.52 in
1007,21-01-2018 13:20:00,46 F,43 F,87 %,7 mph,29.52 in
1008,21-01-2018 13:50:00,46 F,45 F,93 %,6 mph,29.52 in
1009,21-01-2018 14:20:00,46 F,45 F,93 %,8 mph,29.49 in
1010,21-01-2018 14:50:00,46 F,45 F,93 %,8 mph,29.46 in
1011,21-01-2018 15:20:00,46 F,46 F,100 %,7 mph,29.46 in
1012,21-01-2018 15:50:00,48 F,46 F,93 %,6 mph,29.46 in
1013,21-01-2018 16:20:00,48 F,46 F,93 %,6 mph,29.43 in
1014,21-01-2018 16:50:00,48 F,46 F,93 %,5 mph,29.43 in
1015,21-01-2018 17:20:00,50 F,46 F,87 %,5 mph,29.40 in
1016,21-01-2018 17:50:00,50 F,46 F,87 %,5 mph,29.40 in
1017,21-01-2018 18:20:00,50 F,46 F,87 %,7 mph,29.37 in
1018,21-01-2018 18:50:00,50 F,46 F,87 %,7 mph,29.37 in
1019,21-01-2018 19:20:00,50 F,46 F,87 %,7 mph,29.37 in
1020,21-01-2018 19:50:00,50 F,46 F,87 %,5 mph,29.34 in
1021,21-01-2018 20:20:00,50 F,45 F,82 %,6 mph,29.34 in
1022,21-01-2018 20:50:00,50 F,45 F,82 %,6 mph,29.32 in
1023,21-01-2018 21:20:00,50 F,45 F,82 %,6 mph,29.32 in
1024,21-01-2018 21:50:00,50 F,45 F,82 %,5 mph,29.32 in
1025,21-01-2018 22:20:00,50 F,45 F,82 %,5 mph,29.29 in
1026,21-01-2018 22:50:00,50 F,45 F,82 %,6 mph,29.29 in
1027,21-01-2018 23:07:00,50 F,45 F,82 %,3 mph,29.29 in
1028,21-01-2018 23:20:00,50 F,45 F,82 %,3 mph,29.29 in
1029,21-01-2018 23:44:00,50 F,45 F,82 %,5 mph,29.26 in
1030,21-01-2018 23:50:00,50 F,45 F,82 %,5 mph,29.26 in
1031,22-01-2018 00:20:00,48 F,45 F,87 %,6 mph,29.26 in
1032,22-01-2018 00:50:00,50 F,43 F,76 %,2 mph,29.23 in
1033,22-01-2018 01:20:00,50 F,43 F,76 %,1 mph,29.20 in
1034,22-01-2018 01:50:00,48 F,43 F,82 %,2 mph,29.20 in
1035,22-01-2018 02:20:00,50 F,43 F,76 %,2 mph,29.20 in
1036,22-01-2018 03:50:00,54 F,43 F,67 %,2 mph,29.20 in
1037,22-01-2018 04:20:00,52 F,43 F,71 %,1 mph,29.20 in
1038,22-01-2018 04:50:00,46 F,43 F,87 %,8 mph,29.20 in
1039,22-01-2018 05:10:00,48 F,43 F,82 %,9 mph,29.17 in
1040,22-01-2018 05:20:00,46 F,43 F,87 %,9 mph,29.17 in
1041,22-01-2018 05:43:00,46 F,43 F,87 %,10 mph,29.17 in
1042,22-01-2018 05:50:00,46 F,43 F,87 %,9 mph,29.17 in
1043,22-01-2018 06:20:00,46 F,43 F,87 %,7 mph,29.17 in
1044,22-01-2018 05:50:00,46 F,43 F,87 %,8 mph,29.17 in
1045,22-01-2018 06:20:00,45 F,43 F,93 %,7 mph,29.17 in
1046,22-01-2018 06:50:00,46 F,45 F,93 %,7 mph,29.17 in
1047,22-01-2018 07:20:00,46 F,45 F,93 %,8 mph,29.17 in
1048,22-01-2018 07:50:00,46 F,45 F,93 %,10 mph,29.17 in
1049,22-01-2018 08:20:00,46 F,45 F,93 %,9 mph,29.17 in
1050,22-01-2018 08:50:00,48 F,45 F,87 %,9 mph,29.17 in
1051,22-01-2018 09:20:00,48 F,45 F,87 %,12 mph,29.17 in
1052,22-01-2018 09:50:00,48 F,45 F,87 %,14 mph,29.17 in
1053,22-01-2018 10:20:00,50 F,46 F,87 %,14 mph,29.17 in
1054,22-01-2018 10:50:00,50 F,46 F,87 %,13 mph,29.17 in
1055,22-01-2018 11:05:00,48 F,46 F,93 %,14 mph,29.20 in
1056,22-01-2018 11:20:00,48 F,46 F,93 %,15 mph,29.20 in
1057,22-01-2018 11:50:00,50 F,46 F,87 %,16 mph,29.20 in
1058,22-01-2018 12:20:00,48 F,46 F,93 %,16 mph,29.17 in
1059,22-01-2018 12:50:00,46 F,43 F,87 %,23 mph,29.17 in
1060,22-01-2018 13:20:00,45 F,41 F,87 %,24 mph,29.20 in
1061,22-01-2018 13:50:00,45 F,41 F,87 %,25 mph,29.20 in
1062,22-01-2018 14:20:00,43 F,41 F,93 %,24 mph,29.20 in
1063,22-01-2018 14:50:00,43 F,41 F,93 %,24 mph,29.20 in
1064,22-01-2018 15:20:00,43 F,41 F,93 %,21 mph,29.23 in
1065,22-01-2018 15:50:00,45 F,41 F,87 %,10 mph,29.26 in
1066,22-01-2018 16:20:00,45 F,41 F,87 %,5 mph,29.26 in
1067,22-01-2018 16:50:00,45 F,41 F,87 %,1 mph,29.29 in
1068,22-01-2018 17:20:00,45 F,43 F,93 %,3 mph,29.29 in
1069,22-01-2018 17:50:00,46 F,43 F,87 %,10 mph,29.32 in
1070,22-01-2018 18:20:00,45 F,41 F,87 %,15 mph,29.32 in
1071,22-01-2018 18:50:00,45 F,41 F,87 %,18 mph,29.32 in
1072,22-01-2018 19:20:00,45 F,41 F,87 %,21 mph,29.32 in
1073,22-01-2018 19:50:00,45 F,41 F,87 %,23 mph,29.34 in
1074,22-01-2018 20:20:00,43 F,41 F,93 %,22 mph,29.34 in
1075,22-01-2018 20:50:00,43 F,39 F,87 %,24 mph,29.37 in
1076,22-01-2018 21:20:00,43 F,39 F,87 %,24 mph,29.37 in
1077,22-01-2018 21:50:00,43 F,39 F,87 %,23 mph,29.40 in
1078,22-01-2018 22:20:00,41 F,39 F,93 %,25 mph,29.40 in
1079,22-01-2018 22:50:00,41 F,37 F,87 %,24 mph,29.43 in
1080,22-01-2018 23:20:00,41 F,37 F,87 %,21 mph,29.43 in
1081,22-01-2018 23:50:00,41 F,37 F,87 %,17 mph,29.46 in
1082,23-01-2018 00:20:00,41 F,37 F,87 %,13 mph,29.49 in
1083,23-01-2018 00:50:00,41 F,37 F,87 %,14 mph,29.49 in
1084,23-01-2018 01:20:00,41 F,37 F,87 %,10 mph,29.49 in
1085,23-01-2018 01:50:00,41 F,37 F,87 %,15 mph,29.52 in
1086,23-01-2018 02:20:00,41 F,37 F,87 %,12 mph,29.52 in
1087,23-01-2018 03:50:00,39 F,37 F,93 %,13 mph,29.55 in
1088,23-01-2018 04:20:00,39 F,36 F,87 %,15 mph,29.55 in
1089,23-01-2018 04:50:00,39 F,36 F,87 %,16 mph,29.55 in
1090,23-01-2018 05:20:00,39 F,36 F,87 %,16 mph,29.55 in
1091,23-01-2018 05:50:00,39 F,36 F,87 %,17 mph,29.58 in
1092,23-01-2018 06:20:00,39 F,36 F,87 %,13 mph,29.58 in
1093,23-01-2018 05:50:00,39 F,36 F,87 %,12 mph,29.61 in
1094,23-01-2018 06:20:00,39 F,36 F,87 %,10 mph,29.61 in
1095,23-01-2018 06:50:00,39 F,34 F,81 %,12 mph,29.64 in
1096,23-01-2018 07:20:00,39 F,34 F,81 %,13 mph,29.64 in
1097,23-01-2018 07:50:00,39 F,34 F,81 %,12 mph,29.67 in
1098,23-01-2018 08:20:00,39 F,34 F,81 %,12 mph,29.67 in
1099,23-01-2018 08:50:00,39 F,34 F,81 %,12 mph,29.67 in
1100,23-01-2018 09:20:00,39 F,34 F,81 %,12 mph,29.67 in
1101,23-01-2018 09:50:00,39 F,34 F,81 %,12 mph,29.70 in
1102,23-01-2018 10:20:00,41 F,34 F,76 %,13 mph,29.70 in
1103,23-01-2018 10:50:00,41 F,34 F,76 %,13 mph,29.72 in
1104,23-01-2018 11:20:00,41 F,34 F,76 %,12 mph,29.72 in
1105,23-01-2018 11:50:00,41 F,34 F,76 %,13 mph,29.72 in
1106,23-01-2018 12:20:00,41 F,32 F,70 %,14 mph,29.72 in
1107,23-01-2018 12:50:00,41 F,34 F,76 %,12 mph,29.72 in
1108,23-01-2018 13:00:00,41 F,34 F,76 %,13 mph,29.72 in
1109,23-01-2018 13:20:00,39 F,34 F,81 %,13 mph,29.75 in
1110,23-01-2018 13:50:00,41 F,36 F,81 %,9 mph,29.75 in
1111,23-01-2018 14:20:00,41 F,32 F,70 %,12 mph,29.75 in
1112,23-01-2018 14:50:00,41 F,34 F,76 %,13 mph,29.75 in
1113,23-01-2018 15:20:00,39 F,34 F,81 %,13 mph,29.75 in
1114,23-01-2018 15:50:00,41 F,32 F,70 %,15 mph,29.78 in
1115,23-01-2018 16:20:00,39 F,32 F,75 %,15 mph,29.78 in
1116,23-01-2018 16:50:00,39 F,30 F,70 %,15 mph,29.81 in
1117,23-01-2018 17:20:00,39 F,30 F,70 %,13 mph,29.81 in
1118,23-01-2018 17:50:00,39 F,30 F,70 %,12 mph,29.84 in
1119,23-01-2018 18:20:00,39 F,28 F,65 %,13 mph,29.84 in
1120,23-01-2018 18:50:00,39 F,30 F,70 %,12 mph,29.84 in
1121,23-01-2018 19:20:00,39 F,30 F,70 %,12 mph,29.87 in
1122,23-01-2018 19:50:00,39 F,30 F,70 %,12 mph,29.87 in
1123,23-01-2018 20:20:00,39 F,30 F,70 %,12 mph,29.87 in
1124,23-01-2018 20:50:00,39 F,30 F,70 %,9 mph,29.87 in
1125,23-01-2018 21:20:00,39 F,30 F,70 %,10 mph,29.90 in
1126,23-01-2018 21:50:00,39 F,30 F,70 %,12 mph,29.90 in
1127,23-01-2018 22:20:00,39 F,28 F,65 %,13 mph,29.90 in
1128,23-01-2018 22:50:00,39 F,28 F,65 %,15 mph,29.90 in
1129,23-01-2018 23:20:00,39 F,28 F,65 %,17 mph,29.90 in
1130,23-01-2018 23:50:00,39 F,28 F,65 %,15 mph,29.93 in
1131,24-01-2018 00:20:00,39 F,28 F,65 %,14 mph,29.93 in
1132,24-01-2018 00:50:00,37 F,27 F,65 %,13 mph,29.93 in
1133,24-01-2018 01:20:00,37 F,27 F,65 %,13 mph,29.93 in
1134,24-01-2018 01:50:00,37 F,27 F,65 %,13 mph,29.93 in
1135,24-01-2018 02:20:00,37 F,25 F,60 %,12 mph,29.93 in
1136,24-01-2018 03:50:00,37 F,27 F,65 %,9 mph,29.96 in
1137,24-01-2018 04:20:00,37 F,27 F,65 %,9 mph,29.96 in
1138,24-01-2018 04:50:00,37 F,28 F,70 %,9 mph,29.93 in
1139,24-01-2018 05:20:00,37 F,28 F,70 %,12 mph,29.93 in
1140,24-01-2018 05:50:00,37 F,28 F,70 %,13 mph,29.96 in
1141,24-01-2018 06:00:00,37 F,28 F,70 %,14 mph,29.96 in
1142,24-01-2018 06:20:00,37 F,28 F,70 %,14 mph,29.96 in
1143,24-01-2018 05:50:00,37 F,28 F,70 %,13 mph,29.96 in
1144,24-01-2018 06:20:00,37 F,28 F,70 %,16 mph,29.96 in
1145,24-01-2018 06:50:00,37 F,28 F,70 %,16 mph,29.96 in
1146,24-01-2018 07:20:00,37 F,28 F,70 %,16 mph,29.99 in
1147,24-01-2018 07:33:00,37 F,28 F,70 %,17 mph,29.99 in
1148,24-01-2018 07:50:00,37 F,30 F,75 %,15 mph,29.99 in
1149,24-01-2018 08:20:00,37 F,28 F,70 %,22 mph,29.99 in
1150,24-01-2018 08:50:00,37 F,30 F,75 %,21 mph,30.02 in
1151,24-01-2018 09:20:00,37 F,30 F,75 %,16 mph,30.02 in
1152,24-01-2018 09:37:00,37 F,30 F,75 %,16 mph,30.02 in
1153,24-01-2018 09:50:00,37 F,30 F,75 %,21 mph,30.02 in
1154,24-01-2018 10:20:00,39 F,30 F,70 %,14 mph,30.05 in
1155,24-01-2018 10:26:00,39 F,30 F,70 %,16 mph,30.05 in
1156,24-01-2018 10:50:00,37 F,32 F,81 %,15 mph,30.05 in
1157,24-01-2018 10:58:00,39 F,32 F,75 %,17 mph,30.05 in
1158,24-01-2018 11:20:00,39 F,32 F,75 %,25 mph,30.05 in
1159,24-01-2018 11:33:00,36 F,32 F,87 %,23 mph,30.05 in
1160,24-01-2018 11:42:00,36 F,34 F,93 %,18 mph,30.05 in
1161,24-01-2018 11:50:00,34 F,32 F,93 %,20 mph,30.05 in
1162,24-01-2018 11:57:00,36 F,36 F,100 %,16 mph,30.05 in
1163,24-01-2018 12:20:00,36 F,34 F,93 %,17 mph,30.05 in
1164,24-01-2018 12:50:00,37 F,34 F,87 %,16 mph,30.05 in
1165,24-01-2018 13:20:00,39 F,34 F,81 %,15 mph,30.05 in
1166,24-01-2018 13:50:00,41 F,32 F,70 %,18 mph,30.02 in
1167,24-01-2018 14:20:00,41 F,34 F,76 %,16 mph,30.02 in
1168,24-01-2018 14:50:00,39 F,32 F,75 %,18 mph,30.02 in
1169,24-01-2018 15:01:00,41 F,32 F,70 %,20 mph,30.02 in
1170,24-01-2018 15:20:00,37 F,30 F,75 %,21 mph,30.02 in
1171,24-01-2018 15:50:00,41 F,28 F,61 %,20 mph,30.05 in
1172,24-01-2018 16:20:00,39 F,30 F,70 %,15 mph,30.05 in
1173,24-01-2018 16:50:00,37 F,30 F,75 %,17 mph,30.05 in
1174,24-01-2018 17:20:00,37 F,27 F,65 %,18 mph,30.05 in
1175,24-01-2018 17:50:00,37 F,28 F,70 %,18 mph,30.05 in
1176,24-01-2018 18:20:00,37 F,30 F,75 %,14 mph,30.07 in
1177,24-01-2018 18:50:00,36 F,30 F,81 %,21 mph,30.07 in
1178,24-01-2018 19:20:00,36 F,28 F,75 %,14 mph,30.07 in
1179,24-01-2018 19:50:00,37 F,27 F,65 %,15 mph,30.07 in
1180,24-01-2018 20:20:00,37 F,27 F,65 %,17 mph,30.07 in
1181,24-01-2018 20:50:00,36 F,28 F,75 %,14 mph,30.10 in
1182,24-01-2018 21:20:00,36 F,25 F,65 %,18 mph,30.10 in
1183,24-01-2018 21:50:00,36 F,23 F,60 %,16 mph,30.10 in
1184,24-01-2018 22:20:00,36 F,25 F,65 %,16 mph,30.10 in
1185,24-01-2018 22:50:00,36 F,23 F,60 %,14 mph,30.10 in
1186,24-01-2018 23:20:00,37 F,23 F,56 %,22 mph,30.07 in
1187,24-01-2018 23:50:00,36 F,23 F,60 %,17 mph,30.07 in
1188,25-01-2018 00:20:00,36 F,21 F,56 %,14 mph,30.07 in
1189,25-01-2018 00:50:00,37 F,21 F,52 %,15 mph,30.07 in
1190,25-01-2018 01:20:00,37 F,21 F,52 %,16 mph,30.07 in
1191,25-01-2018 01:50:00,37 F,21 F,52 %,17 mph,30.05 in
1192,25-01-2018 02:20:00,37 F,21 F,52 %,14 mph,30.05 in
1193,25-01-2018 03:50:00,37 F,23 F,56 %,16 mph,30.07 in
1194,25-01-2018 04:20:00,37 F,23 F,56 %,15 mph,30.07 in
1195,25-01-2018 04:50:00,37 F,21 F,52 %,17 mph,30.05 in
1196,25-01-2018 05:20:00,37 F,23 F,56 %,14 mph,30.05 in
1197,25-01-2018 05:50:00,37 F,19 F,48 %,16 mph,30.05 in
1198,25-01-2018 06:20:00,37 F,19 F,48 %,14 mph,30.05 in
1199,25-01-2018 05:50:00,37 F,23 F,56 %,20 mph,30.05 in
1200,25-01-2018 06:20:00,37 F,23 F,56 %,15 mph,30.05 in
1201,25-01-2018 06:50:00,37 F,23 F,56 %,13 mph,30.05 in
1202,25-01-2018 07:20:00,37 F,21 F,52 %,16 mph,30.05 in
1203,25-01-2018 07:50:00,37 F,19 F,48 %,16 mph,30.05 in
1204,25-01-2018 08:20:00,37 F,19 F,48 %,21 mph,30.05 in
1205,25-01-2018 08:50:00,37 F,21 F,52 %,18 mph,30.05 in
1206,25-01-2018 09:04:00,37 F,21 F,52 %,18 mph,30.05 in
1207,25-01-2018 09:13:00,37 F,23 F,56 %,15 mph,30.05 in
1208,25-01-2018 09:20:00,37 F,23 F,56 %,17 mph,30.05 in
1209,25-01-2018 09:50:00,37 F,25 F,60 %,17 mph,30.05 in
1210,25-01-2018 10:20:00,37 F,21 F,52 %,20 mph,30.05 in
1211,25-01-2018 10:50:00,41 F,19 F,42 %,23 mph,30.05 in
1212,25-01-2018 11:20:00,39 F,23 F,52 %,24 mph,30.05 in
1213,25-01-2018 11:50:00,41 F,19 F,42 %,23 mph,30.05 in
1214,25-01-2018 12:20:00,39 F,21 F,49 %,24 mph,30.02 in
1215,25-01-2018 12:50:00,39 F,23 F,52 %,21 mph,30.02 in
1216,25-01-2018 13:20:00,39 F,21 F,49 %,21 mph,30.02 in
1217,25-01-2018 13:50:00,41 F,23 F,49 %,22 mph,29.99 in
1218,25-01-2018 14:20:00,39 F,21 F,49 %,22 mph,29.99 in
1219,25-01-2018 14:50:00,41 F,23 F,49 %,22 mph,29.99 in
1220,25-01-2018 15:20:00,41 F,21 F,45 %,23 mph,29.99 in
1221,25-01-2018 15:50:00,39 F,21 F,49 %,22 mph,29.99 in
1222,25-01-2018 16:20:00,39 F,21 F,49 %,22 mph,29.99 in
1223,25-01-2018 16:50:00,39 F,21 F,49 %,17 mph,29.99 in
1224,25-01-2018 17:20:00,37 F,23 F,56 %,17 mph,29.99 in
1225,25-01-2018 17:50:00,37 F,25 F,60 %,14 mph,29.96 in
1226,25-01-2018 18:20:00,37 F,25 F,60 %,15 mph,29.96 in
1227,25-01-2018 18:37:00,37 F,25 F,60 %,12 mph,29.99 in
1228,25-01-2018 18:50:00,37 F,25 F,60 %,14 mph,29.96 in
1229,25-01-2018 19:00:00,37 F,25 F,60 %,13 mph,29.96 in
1230,25-01-2018 19:20:00,37 F,27 F,65 %,14 mph,29.96 in
1231,25-01-2018 19:50:00,37 F,27 F,65 %,13 mph,29.99 in
1232,25-01-2018 20:09:00,37 F,30 F,75 %,9 mph,29.99 in
1233,25-01-2018 20:17:00,36 F,30 F,81 %,10 mph,29.99 in
1234,25-01-2018 20:20:00,34 F,30 F,87 %,10 mph,29.99 in
1235,25-01-2018 20:38:00,34 F,32 F,93 %,14 mph,29.99 in
1236,25-01-2018 20:50:00,36 F,32 F,87 %,13 mph,29.99 in
1237,25-01-2018 21:14:00,34 F,32 F,93 %,12 mph,29.99 in
1238,25-01-2018 21:20:00,34 F,32 F,93 %,10 mph,29.99 in
1239,25-01-2018 21:50:00,34 F,32 F,93 %,12 mph,29.99 in
1240,25-01-2018 22:20:00,34 F,32 F,93 %,9 mph,29.99 in
1241,25-01-2018 22:50:00,34 F,32 F,93 %,8 mph,29.99 in
1242,25-01-2018 23:20:00,34 F,30 F,87 %,8 mph,29.99 in
1243,25-01-2018 23:50:00,34 F,27 F,75 %,12 mph,29.96 in
1244,26-01-2018 00:20:00,34 F,25 F,70 %,9 mph,29.96 in
1245,26-01-2018 00:50:00,34 F,23 F,65 %,10 mph,29.96 in
1246,26-01-2018 01:20:00,34 F,23 F,65 %,10 mph,29.96 in
1247,26-01-2018 01:50:00,34 F,23 F,65 %,12 mph,29.96 in
1248,26-01-2018 02:20:00,34 F,23 F,65 %,10 mph,29.96 in
1249,26-01-2018 03:50:00,34 F,23 F,65 %,12 mph,29.96 in
1250,26-01-2018 04:20:00,34 F,23 F,65 %,10 mph,29.96 in
1251,26-01-2018 04:50:00,34 F,23 F,65 %,12 mph,29.96 in
1252,26-01-2018 05:20:00,34 F,23 F,65 %,12 mph,29.96 in
1253,26-01-2018 05:50:00,34 F,23 F,65 %,10 mph,29.96 in
1254,26-01-2018 06:20:00,34 F,23 F,65 %,9 mph,29.96 in
1255,26-01-2018 05:50:00,34 F,23 F,65 %,7 mph,29.96 in
1256,26-01-2018 06:20:00,34 F,23 F,65 %,7 mph,29.96 in
1257,26-01-2018 06:50:00,36 F,23 F,60 %,9 mph,29.96 in
1258,26-01-2018 07:20:00,36 F,25 F,65 %,8 mph,29.96 in
1259,26-01-2018 07:50:00,36 F,25 F,65 %,7 mph,29.96 in
1260,26-01-2018 08:20:00,36 F,25 F,65 %,7 mph,29.96 in
1261,26-01-2018 08:50:00,37 F,25 F,60 %,6 mph,29.96 in
1262,26-01-2018 09:20:00,37 F,27 F,65 %,5 mph,29.96 in
1263,26-01-2018 09:44:00,37 F,27 F,65 %,9 mph,29.99 in
1264,26-01-2018 09:50:00,36 F,27 F,70 %,10 mph,29.99 in
1265,26-01-2018 10:20:00,37 F,28 F,70 %,9 mph,29.99 in
1266,26-01-2018 10:50:00,36 F,32 F,87 %,7 mph,29.99 in
1267,26-01-2018 11:20:00,37 F,30 F,75 %,8 mph,29.99 in
1268,26-01-2018 11:50:00,39 F,30 F,70 %,7 mph,29.99 in
1269,26-01-2018 12:20:00,39 F,27 F,61 %,14 mph,29.96 in
1270,26-01-2018 12:50:00,39 F,25 F,56 %,13 mph,29.96 in
1271,26-01-2018 13:20:00,41 F,25 F,53 %,13 mph,29.96 in
1272,26-01-2018 13:50:00,41 F,25 F,53 %,13 mph,29.96 in
1273,26-01-2018 14:20:00,41 F,25 F,53 %,14 mph,29.96 in
1274,26-01-2018 14:50:00,41 F,25 F,53 %,14 mph,29.96 in
1275,26-01-2018 15:20:00,39 F,27 F,61 %,13 mph,29.96 in
1276,26-01-2018 15:50:00,39 F,25 F,56 %,15 mph,29.96 in
1277,26-01-2018 16:20:00,39 F,23 F,52 %,14 mph,29.96 in
1278,26-01-2018 16:50:00,39 F,23 F,52 %,14 mph,29.96 in
1279,26-01-2018 17:20:00,39 F,23 F,52 %,9 mph,29.99 in
1280,26-01-2018 17:50:00,39 F,27 F,61 %,9 mph,29.99 in
1281,26-01-2018 18:20:00,37 F,27 F,65 %,9 mph,29.99 in
1282,26-01-2018 18:50:00,36 F,32 F,87 %,13 mph,30.02 in
1283,26-01-2018 19:20:00,36 F,32 F,87 %,10 mph,30.02 in
1284,26-01-2018 19:50:00,36 F,32 F,87 %,10 mph,30.02 in
1285,26-01-2018 20:20:00,36 F,30 F,81 %,8 mph,30.02 in
1286,26-01-2018 20:42:00,36 F,32 F,87 %,10 mph,30.02 in
1287,26-01-2018 20:50:00,36 F,32 F,87 %,9 mph,30.02 in
1288,26-01-2018 20:54:00,34 F,32 F,93 %,12 mph,30.02 in
1289,26-01-2018 21:11:00,36 F,32 F,87 %,13 mph,30.02 in
1290,26-01-2018 21:20:00,36 F,32 F,87 %,12 mph,30.02 in
1291,26-01-2018 21:50:00,36 F,30 F,81 %,12 mph,30.02 in
1292,26-01-2018 22:20:00,36 F,30 F,81 %,9 mph,30.02 in
1293,26-01-2018 22:50:00,36 F,30 F,81 %,9 mph,30.02 in
1294,26-01-2018 22:56:00,36 F,30 F,81 %,8 mph,30.02 in
1295,26-01-2018 23:20:00,36 F,30 F,81 %,7 mph,30.05 in
1296,26-01-2018 23:50:00,36 F,30 F,81 %,8 mph,30.05 in
1297,27-01-2018 00:20:00,36 F,30 F,81 %,8 mph,30.05 in
1298,27-01-2018 00:50:00,36 F,30 F,81 %,8 mph,30.05 in
1299,27-01-2018 01:20:00,36 F,30 F,81 %,8 mph,30.05 in
1300,27-01-2018 01:50:00,36 F,30 F,81 %,7 mph,30.05 in
1301,27-01-2018 02:20:00,36 F,30 F,81 %,8 mph,30.05 in
1302,27-01-2018 03:50:00,36 F,30 F,81 %,8 mph,30.05 in
1303,27-01-2018 04:20:00,36 F,30 F,81 %,7 mph,30.05 in
1304,27-01-2018 04:50:00,36 F,30 F,81 %,7 mph,30.05 in
1305,27-01-2018 05:20:00,36 F,30 F,81 %,7 mph,30.05 in
1306,27-01-2018 05:50:00,36 F,30 F,81 %,7 mph,30.05 in
1307,27-01-2018 06:20:00,36 F,30 F,81 %,7 mph,30.05 in
1308,27-01-2018 05:50:00,36 F,30 F,81 %,8 mph,30.05 in
1309,27-01-2018 06:20:00,36 F,30 F,81 %,7 mph,30.07 in
1310,27-01-2018 06:50:00,37 F,30 F,75 %,7 mph,30.07 in
1311,27-01-2018 07:20:00,37 F,30 F,75 %,7 mph,30.07 in
1312,27-01-2018 07:50:00,37 F,30 F,75 %,7 mph,30.07 in
1313,27-01-2018 08:20:00,37 F,30 F,75 %,7 mph,30.10 in
1314,27-01-2018 08:50:00,37 F,32 F,81 %,6 mph,30.10 in
1315,27-01-2018 09:20:00,37 F,32 F,81 %,6 mph,30.10 in
1316,27-01-2018 09:50:00,37 F,32 F,81 %,7 mph,30.10 in
1317,27-01-2018 10:20:00,37 F,32 F,81 %,7 mph,30.13 in
1318,27-01-2018 10:50:00,39 F,32 F,75 %,7 mph,30.13 in
1319,27-01-2018 11:20:00,39 F,32 F,75 %,9 mph,30.13 in
1320,27-01-2018 11:50:00,39 F,32 F,75 %,8 mph,30.13 in
1321,27-01-2018 12:20:00,39 F,32 F,75 %,8 mph,30.13 in
1322,27-01-2018 12:50:00,39 F,32 F,75 %,7 mph,30.10 in
1323,27-01-2018 13:20:00,39 F,32 F,75 %,7 mph,30.10 in
1324,27-01-2018 13:50:00,39 F,32 F,75 %,6 mph,30.10 in
1325,27-01-2018 14:20:00,41 F,32 F,70 %,6 mph,30.10 in
1326,27-01-2018 14:50:00,41 F,32 F,70 %,6 mph,30.10 in
1327,27-01-2018 15:20:00,41 F,32 F,70 %,6 mph,30.10 in
1328,27-01-2018 15:50:00,41 F,32 F,70 %,8 mph,30.10 in
1329,27-01-2018 16:20:00,41 F,32 F,70 %,8 mph,30.13 in
1330,27-01-2018 16:50:00,39 F,32 F,75 %,8 mph,30.13 in
1331,27-01-2018 17:20:00,39 F,32 F,75 %,8 mph,30.13 in
1332,27-01-2018 17:50:00,39 F,32 F,75 %,7 mph,30.13 in
1333,27-01-2018 18:20:00,39 F,32 F,75 %,9 mph,30.13 in
1334,27-01-2018 18:50:00,39 F,32 F,75 %,9 mph,30.13 in
1335,27-01-2018 19:20:00,39 F,32 F,75 %,8 mph,30.16 in
1336,27-01-2018 19:50:00,41 F,32 F,70 %,10 mph,30.16 in
1337,27-01-2018 20:20:00,39 F,32 F,75 %,9 mph,30.16 in
1338,27-01-2018 20:50:00,39 F,30 F,70 %,9 mph,30.16 in
1339,27-01-2018 21:20:00,39 F,30 F,70 %,9 mph,30.16 in
1340,27-01-2018 21:50:00,37 F,30 F,75 %,9 mph,30.16 in
1341,27-01-2018 22:20:00,37 F,30 F,75 %,9 mph,30.16 in
1342,27-01-2018 22:50:00,37 F,30 F,75 %,9 mph,30.16 in
1343,27-01-2018 23:20:00,37 F,30 F,75 %,8 mph,30.16 in
1344,27-01-2018 23:50:00,36 F,30 F,81 %,8 mph,30.16 in
1345,28-01-2018 00:20:00,34 F,30 F,87 %,7 mph,30.16 in
1346,28-01-2018 00:50:00,36 F,30 F,81 %,7 mph,30.16 in
1347,28-01-2018 01:20:00,34 F,30 F,87 %,7 mph,30.16 in
1348,28-01-2018 01:50:00,34 F,30 F,87 %,6 mph,30.16 in
1349,28-01-2018 02:20:00,36 F,28 F,75 %,7 mph,30.16 in
1350,28-01-2018 03:50:00,34 F,30 F,87 %,6 mph,30.16 in
1351,28-01-2018 04:20:00,34 F,28 F,81 %,5 mph,30.16 in
1352,28-01-2018 04:50:00,34 F,28 F,81 %,5 mph,30.16 in
1353,28-01-2018 05:20:00,34 F,28 F,81 %,5 mph,30.13 in
1354,28-01-2018 05:50:00,32 F,28 F,87 %,6 mph,30.13 in
1355,28-01-2018 06:20:00,32 F,28 F,87 %,5 mph,30.13 in
1356,28-01-2018 05:50:00,34 F,28 F,81 %,5 mph,30.13 in
1357,28-01-2018 06:20:00,32 F,28 F,87 %,6 mph,30.13 in
1358,28-01-2018 06:50:00,34 F,28 F,81 %,5 mph,30.16 in
1359,28-01-2018 07:20:00,34 F,28 F,81 %,6 mph,30.16 in
1360,28-01-2018 07:50:00,32 F,28 F,87 %,6 mph,30.16 in
1361,28-01-2018 08:20:00,36 F,30 F,81 %,6 mph,30.16 in
1362,28-01-2018 08:50:00,36 F,30 F,81 %,5 mph,30.16 in
1363,28-01-2018 09:20:00,37 F,30 F,75 %,6 mph,30.16 in
1364,28-01-2018 09:50:00,39 F,30 F,70 %,5 mph,30.16 in
1365,28-01-2018 10:20:00,41 F,30 F,65 %,5 mph,30.16 in
1366,28-01-2018 10:50:00,43 F,32 F,66 %,6 mph,30.16 in
1367,28-01-2018 11:20:00,45 F,32 F,61 %,7 mph,30.16 in
1368,28-01-2018 11:50:00,45 F,32 F,61 %,8 mph,30.16 in
1369,28-01-2018 12:20:00,45 F,32 F,61 %,8 mph,30.16 in
1370,28-01-2018 12:50:00,46 F,32 F,57 %,7 mph,30.13 in
1371,28-01-2018 13:20:00,46 F,32 F,57 %,6 mph,30.13 in
1372,28-01-2018 13:50:00,46 F,32 F,57 %,3 mph,30.13 in
1373,28-01-2018 14:20:00,46 F,34 F,62 %,9 mph,30.13 in
1374,28-01-2018 14:50:00,46 F,34 F,62 %,9 mph,30.10 in
1375,28-01-2018 15:20:00,46 F,34 F,62 %,9 mph,30.10 in
1376,28-01-2018 15:50:00,45 F,36 F,71 %,10 mph,30.10 in
1377,28-01-2018 16:20:00,45 F,36 F,71 %,12 mph,30.10 in
1378,28-01-2018 16:50:00,43 F,36 F,76 %,10 mph,30.10 in
1379,28-01-2018 17:20:00,43 F,34 F,70 %,9 mph,30.10 in
1380,28-01-2018 17:50:00,43 F,36 F,76 %,10 mph,30.10 in
1381,28-01-2018 18:20:00,41 F,37 F,87 %,10 mph,30.10 in
1382,28-01-2018 18:50:00,41 F,36 F,81 %,10 mph,30.10 in
1383,28-01-2018 19:20:00,41 F,37 F,87 %,8 mph,30.10 in
1384,28-01-2018 19:50:00,39 F,36 F,87 %,10 mph,30.10 in
1385,28-01-2018 20:20:00,39 F,36 F,87 %,8 mph,30.10 in
1386,28-01-2018 20:50:00,37 F,36 F,93 %,8 mph,30.10 in
1387,28-01-2018 21:20:00,37 F,36 F,93 %,7 mph,30.10 in
1388,28-01-2018 21:50:00,39 F,36 F,87 %,8 mph,30.10 in
1389,28-01-2018 22:20:00,37 F,36 F,93 %,7 mph,30.10 in
1390,28-01-2018 22:50:00,37 F,34 F,87 %,5 mph,30.07 in
1391,28-01-2018 23:20:00,37 F,34 F,87 %,5 mph,30.10 in
1392,28-01-2018 23:50:00,37 F,36 F,93 %,5 mph,30.10 in
1393,29-01-2018 00:20:00,36 F,34 F,93 %,3 mph,30.07 in
1394,29-01-2018 00:50:00,34 F,32 F,93 %,0 mph,30.07 in
1395,29-01-2018 01:20:00,34 F,32 F,93 %,3 mph,30.07 in
1396,29-01-2018 01:50:00,32 F,30 F,93 %,1 mph,30.07 in
1397,29-01-2018 02:20:00,34 F,32 F,93 %,1 mph,30.07 in
1398,29-01-2018 03:50:00,36 F,34 F,93 %,2 mph,30.07 in
1399,29-01-2018 04:20:00,36 F,34 F,93 %,2 mph,30.07 in
1400,29-01-2018 04:50:00,32 F,30 F,93 %,0 mph,30.07 in
1401,29-01-2018 05:20:00,32 F,30 F,93 %,2 mph,30.07 in
1402,29-01-2018 05:50:00,34 F,32 F,93 %,0 mph,30.07 in
1403,29-01-2018 06:20:00,32 F,30 F,93 %,2 mph,30.07 in
1404,29-01-2018 05:50:00,34 F,32 F,93 %,2 mph,30.05 in
1405,29-01-2018 06:20:00,36 F,34 F,93 %,1 mph,30.05 in
1406,29-01-2018 06:50:00,36 F,36 F,100 %,2 mph,30.05 in
1407,29-01-2018 07:20:00,36 F,34 F,93 %,3 mph,30.05 in
1408,29-01-2018 07:50:00,37 F,36 F,93 %,3 mph,30.05 in
1409,29-01-2018 08:20:00,37 F,36 F,93 %,2 mph,30.05 in
1410,29-01-2018 08:50:00,39 F,36 F,87 %,3 mph,30.07 in
1411,29-01-2018 09:20:00,41 F,37 F,87 %,6 mph,30.05 in
1412,29-01-2018 09:50:00,43 F,39 F,87 %,7 mph,30.05 in
1413,29-01-2018 10:20:00,43 F,39 F,87 %,9 mph,30.07 in
1414,29-01-2018 10:50:00,45 F,37 F,76 %,12 mph,30.07 in
1415,29-01-2018 11:20:00,45 F,37 F,76 %,9 mph,30.07 in
1416,29-01-2018 11:50:00,45 F,37 F,76 %,9 mph,30.07 in
1417,29-01-2018 12:20:00,46 F,39 F,76 %,12 mph,30.05 in
1418,29-01-2018 12:50:00,46 F,39 F,76 %,10 mph,30.05 in
1419,29-01-2018 13:20:00,46 F,39 F,76 %,12 mph,30.05 in
1420,29-01-2018 13:50:00,46 F,39 F,76 %,12 mph,30.02 in
1421,29-01-2018 14:20:00,48 F,37 F,66 %,10 mph,30.02 in
1422,29-01-2018 14:50:00,48 F,36 F,62 %,9 mph,30.02 in
1423,29-01-2018 15:20:00,48 F,36 F,62 %,10 mph,30.02 in
1424,29-01-2018 15:50:00,48 F,34 F,57 %,8 mph,30.02 in
1425,29-01-2018 16:20:00,48 F,37 F,66 %,9 mph,29.99 in
1426,29-01-2018 16:50:00,46 F,39 F,76 %,7 mph,29.99 in
1427,29-01-2018 17:20:00,45 F,39 F,81 %,6 mph,29.99 in
1428,29-01-2018 17:50:00,45 F,37 F,76 %,5 mph,29.99 in
1429,29-01-2018 18:20:00,43 F,37 F,81 %,3 mph,29.99 in
1430,29-01-2018 18:50:00,41 F,37 F,87 %,5 mph,29.99 in
1431,29-01-2018 19:20:00,43 F,39 F,87 %,7 mph,29.99 in
1432,29-01-2018 19:50:00,43 F,39 F,87 %,5 mph,29.99 in
1433,29-01-2018 20:20:00,43 F,39 F,87 %,6 mph,29.99 in
1434,29-01-2018 20:50:00,41 F,37 F,87 %,3 mph,29.99 in
1435,29-01-2018 21:20:00,41 F,39 F,93 %,0 mph,29.99 in
1436,29-01-2018 21:50:00,41 F,37 F,87 %,2 mph,29.99 in
1437,29-01-2018 22:20:00,41 F,37 F,87 %,0 mph,29.99 in
1438,29-01-2018 22:50:00,41 F,37 F,87 %,2 mph,29.99 in
1439,29-01-2018 23:20:00,39 F,37 F,93 %,3 mph,29.99 in
1440,29-01-2018 23:50:00,39 F,37 F,93 %,3 mph,29.96 in
1441,30-01-2018 00:20:00,41 F,39 F,93 %,2 mph,29.96 in
1442,30-01-2018 00:50:00,39 F,37 F,93 %,2 mph,29.96 in
1443,30-01-2018 01:20:00,39 F,37 F,93 %,2 mph,29.96 in
1444,30-01-2018 01:50:00,37 F,36 F,93 %,1 mph,29.96 in
1445,30-01-2018 02:20:00,39 F,36 F,87 %,5 mph,29.96 in
1446,30-01-2018 03:50:00,37 F,34 F,87 %,3 mph,29.93 in
1447,30-01-2018 04:20:00,39 F,36 F,87 %,2 mph,29.93 in
1448,30-01-2018 04:50:00,37 F,36 F,93 %,2 mph,29.93 in
1449,30-01-2018 05:20:00,37 F,36 F,93 %,1 mph,29.93 in
1450,30-01-2018 05:50:00,39 F,36 F,87 %,1 mph,29.93 in
1451,30-01-2018 06:20:00,39 F,36 F,87 %,3 mph,29.93 in
1452,30-01-2018 05:50:00,39 F,36 F,87 %,5 mph,29.90 in
1453,30-01-2018 06:20:00,39 F,36 F,87 %,2 mph,29.90 in
1454,30-01-2018 06:50:00,39 F,36 F,87 %,3 mph,29.90 in
1455,30-01-2018 07:20:00,39 F,36 F,87 %,3 mph,29.90 in
1456,30-01-2018 07:50:00,39 F,36 F,87 %,2 mph,29.90 in
1457,30-01-2018 08:20:00,39 F,37 F,93 %,3 mph,29.90 in
1458,30-01-2018 08:50:00,43 F,37 F,81 %,2 mph,29.90 in
1459,30-01-2018 09:20:00,45 F,37 F,76 %,3 mph,29.90 in
1460,30-01-2018 09:50:00,46 F,36 F,66 %,5 mph,29.90 in
1461,30-01-2018 10:20:00,48 F,37 F,66 %,6 mph,29.90 in
1462,30-01-2018 10:50:00,50 F,37 F,62 %,7 mph,29.90 in
1463,30-01-2018 11:20:00,52 F,36 F,54 %,7 mph,29.90 in
1464,30-01-2018 11:50:00,54 F,36 F,51 %,8 mph,29.90 in
1465,30-01-2018 12:20:00,54 F,36 F,51 %,14 mph,29.87 in
1466,30-01-2018 12:50:00,55 F,36 F,47 %,15 mph,29.87 in
1467,30-01-2018 13:20:00,55 F,34 F,44 %,14 mph,29.84 in
1468,30-01-2018 13:50:00,55 F,36 F,47 %,13 mph,29.84 in
1469,30-01-2018 14:20:00,55 F,36 F,47 %,13 mph,29.84 in
1470,30-01-2018 14:50:00,55 F,37 F,51 %,13 mph,29.84 in
1471,30-01-2018 15:20:00,54 F,36 F,51 %,13 mph,29.84 in
1472,30-01-2018 15:50:00,55 F,36 F,47 %,9 mph,29.84 in
1473,30-01-2018 16:20:00,55 F,36 F,47 %,9 mph,29.81 in
1474,30-01-2018 16:50:00,55 F,36 F,47 %,7 mph,29.84 in
1475,30-01-2018 17:20:00,52 F,36 F,54 %,8 mph,29.84 in
1476,30-01-2018 17:50:00,50 F,36 F,58 %,7 mph,29.84 in
1477,30-01-2018 18:20:00,48 F,39 F,71 %,7 mph,29.84 in
1478,30-01-2018 18:50:00,48 F,41 F,76 %,8 mph,29.84 in
1479,30-01-2018 19:20:00,48 F,41 F,76 %,8 mph,29.84 in
1480,30-01-2018 19:50:00,46 F,41 F,81 %,5 mph,29.87 in
1481,30-01-2018 20:20:00,46 F,41 F,81 %,8 mph,29.84 in
1482,30-01-2018 20:50:00,48 F,41 F,76 %,7 mph,29.87 in
1483,30-01-2018 21:20:00,48 F,39 F,71 %,7 mph,29.87 in
1484,30-01-2018 21:50:00,46 F,39 F,76 %,3 mph,29.87 in
1485,30-01-2018 22:20:00,46 F,39 F,76 %,5 mph,29.87 in
1486,30-01-2018 22:50:00,48 F,39 F,71 %,3 mph,29.87 in
1487,30-01-2018 23:20:00,46 F,41 F,81 %,6 mph,29.90 in
1488,30-01-2018 23:50:00,48 F,41 F,76 %,6 mph,29.90 in
1489,31-01-2018 00:20:00,48 F,43 F,82 %,6 mph,29.90 in
1490,31-01-2018 00:50:00,48 F,43 F,82 %,5 mph,29.90 in
1491,31-01-2018 01:20:00,46 F,43 F,87 %,5 mph,29.90 in
1492,31-01-2018 01:50:00,46 F,43 F,87 %,1 mph,29.90 in
1493,31-01-2018 02:20:00,45 F,41 F,87 %,1 mph,29.93 in
1494,31-01-2018 03:50:00,43 F,41 F,93 %,2 mph,29.93 in
1495,31-01-2018 04:20:00,41 F,39 F,93 %,2 mph,29.93 in
1496,31-01-2018 04:50:00,41 F,39 F,93 %,2 mph,29.93 in
1497,31-01-2018 05:20:00,43 F,41 F,93 %,3 mph,29.90 in
1498,31-01-2018 05:50:00,41 F,39 F,93 %,5 mph,29.90 in
1499,31-01-2018 06:20:00,41 F,39 F,93 %,5 mph,29.90 in
1500,31-01-2018 05:50:00,39 F,37 F,93 %,6 mph,29.90 in
1501,31-01-2018 06:20:00,39 F,37 F,93 %,6 mph,29.90 in
1502,31-01-2018 06:50:00,41 F,37 F,87 %,7 mph,29.90 in
1503,31-01-2018 07:20:00,39 F,37 F,93 %,8 mph,29.93 in
1504,31-01-2018 07:50:00,39 F,37 F,93 %,8 mph,29.93 in
1505,31-01-2018 08:20:00,39 F,37 F,93 %,7 mph,29.93 in
1506,31-01-2018 08:50:00,41 F,39 F,93 %,8 mph,29.93 in
1507,31-01-2018 09:20:00,43 F,41 F,93 %,7 mph,29.96 in
1508,31-01-2018 09:50:00,46 F,43 F,87 %,6 mph,29.96 in
1509,31-01-2018 10:20:00,46 F,43 F,87 %,7 mph,29.96 in
1510,31-01-2018 10:50:00,48 F,43 F,82 %,6 mph,29.96 in
1511,31-01-2018 11:20:00,50 F,41 F,71 %,5 mph,29.96 in
1512,31-01-2018 11:50:00,50 F,41 F,71 %,5 mph,29.96 in
1513,31-01-2018 12:20:00,52 F,41 F,67 %,3 mph,29.96 in
1514,31-01-2018 12:50:00,54 F,41 F,62 %,3 mph,29.93 in
1515,31-01-2018 13:20:00,54 F,43 F,67 %,3 mph,29.93 in
1516,31-01-2018 13:50:00,54 F,43 F,67 %,5 mph,29.93 in
1517,31-01-2018 14:20:00,55 F,43 F,63 %,5 mph,29.90 in
1518,31-01-2018 14:50:00,54 F,43 F,67 %,6 mph,29.90 in
1519,31-01-2018 15:20:00,54 F,45 F,72 %,7 mph,29.90 in
1520,31-01-2018 15:50:00,52 F,43 F,71 %,7 mph,29.90 in
1521,31-01-2018 16:20:00,52 F,43 F,71 %,6 mph,29.90 in
1522,31-01-2018 16:50:00,52 F,43 F,71 %,5 mph,29.90 in
1523,31-01-2018 17:20:00,50 F,43 F,76 %,0 mph,29.90 in
1524,31-01-2018 17:50:00,50 F,34 F,54 %,6 mph,29.90 in
1525,31-01-2018 18:20:00,48 F,32 F,54 %,7 mph,29.87 in
1526,31-01-2018 18:50:00,46 F,32 F,57 %,9 mph,29.87 in
1527,31-01-2018 19:20:00,46 F,32 F,57 %,8 mph,29.87 in
1528,31-01-2018 19:50:00,45 F,30 F,57 %,8 mph,29.87 in
1529,31-01-2018 20:20:00,45 F,30 F,57 %,8 mph,29.87 in
1530,31-01-2018 20:50:00,45 F,30 F,57 %,9 mph,29.87 in
1531,31-01-2018 21:20:00,43 F,30 F,61 %,7 mph,29.87 in
1532,31-01-2018 21:50:00,45 F,30 F,57 %,6 mph,29.87 in
1533,31-01-2018 22:20:00,43 F,30 F,61 %,6 mph,29.87 in
1534,31-01-2018 22:50:00,43 F,28 F,57 %,3 mph,29.87 in
1535,31-01-2018 23:20:00,43 F,30 F,61 %,6 mph,29.87 in
1536,31-01-2018 23:50:00,41 F,30 F,65 %,5 mph,29.87 in
