,Date,Active Power (kw),Wind Speed (miles/hr),Tempreature,Dp,Humidity,Pressure
0,01-01-2018 00:20,380.0645243,12.07913275,43,41,93,29.75
1,01-01-2018 00:50,400.8961995,12.55793299,43,39,87,29.75
2,01-01-2018 01:20,432.8330383,12.4401354,45,39,81,29.75
3,01-01-2018 01:50,488.2412109,12.81136017,45,39,81,29.75
4,01-01-2018 02:20,706.8480225,14.35559449,45,41,87,29.75
5,01-01-2018 02:50,760.4627279,14.51004701,48,43,87,30.05
6,01-01-2018 03:20,748.9193726,14.22144898,48,43,87,30.05
7,01-01-2018 03:50,1069.804789,16.25218408,45,41,87,29.75
8,01-01-2018 04:20,1618.41036,18.31026434,45,41,87,29.75
9,01-01-2018 04:50,1168.626017,16.35670963,45,41,87,29.75
10,01-01-2018 05:20,1134.510986,15.88339769,45,41,87,29.75
11,01-01-2018 05:50,1164.687337,16.49341725,45,39,81,29.72
12,01-01-2018 06:20,1130.847697,16.18662349,43,39,87,29.75
13,01-01-2018 06:50,1069.301086,15.95225887,41,37,87,29.72
14,01-01-2018 07:20,978.4399414,15.78746584,39,37,93,29.72
15,01-01-2018 07:50,878.045695,14.65613907,41,37,87,29.72
16,01-01-2018 08:20,531.4756978,12.73946719,41,39,93,29.72
17,01-01-2018 08:50,697.830485,14.03664014,43,39,87,29.72
18,01-01-2018 09:20,587.7674459,12.77343308,45,39,81,29.75
19,01-01-2018 09:50,755.2493693,14.00261167,45,37,76,29.75
20,01-01-2018 10:20,707.6755981,14.05,46,39,76,29.75
21,01-01-2018 10:50,335.5754954,11.27850992,46,39,76,29.75
22,01-01-2018 11:20,175.9052989,9.47888559,50,39,66,29.72
23,01-01-2018 11:50,192.4595642,9.758881931,50,37,62,29.72
24,01-01-2018 12:20,117.5723877,8.697006569,50,37,62,29.72
25,01-01-2018 12:50,137.0792478,8.740922048,50,37,62,29.7
26,01-01-2018 13:20,365.0746053,11.47093219,52,37,58,29.7
27,01-01-2018 13:50,704.2529907,14.33642384,52,37,58,29.7
28,01-01-2018 14:20,1060.220378,16.10031892,52,39,62,29.7
29,01-01-2018 14:50,1598.180013,18.86494045,52,37,58,29.67
30,01-01-2018 15:20,1766.510295,19.22345424,52,37,58,29.7
31,01-01-2018 15:50,2549.062337,22.80406876,52,37,58,29.7
32,01-01-2018 16:20,2580.615723,22.74562881,52,36,54,29.67
33,01-01-2018 16:50,2356.189616,21.63733613,50,36,58,29.67
34,01-01-2018 17:20,1950.284953,19.79767007,48,39,71,29.67
35,01-01-2018 17:50,1867.447998,19.33881239,48,37,66,29.67
36,01-01-2018 18:20,2238.555664,22.0615026,48,39,71,29.67
37,01-01-2018 18:50,2672.180013,23.54433806,46,37,71,29.67
38,01-01-2018 19:20,2869.275391,24.92032515,45,37,76,29.67
39,01-01-2018 19:50,3199.864339,25.66640276,45,39,81,29.64
40,01-01-2018 20:20,3230.460693,25.68073506,45,37,76,29.64
41,01-01-2018 20:50,3181.371989,25.67611146,45,37,76,29.64
42,01-01-2018 21:20,3603.321289,29.35542297,45,37,76,29.64
43,01-01-2018 21:50,3587.805664,29.45372174,45,37,76,29.64
44,01-01-2018 22:20,3481.083984,28.80673932,45,37,76,29.61
45,01-01-2018 22:50,3549.062663,28.3037932,45,37,76,29.61
46,01-01-2018 23:20,3536.236328,28.06449957,45,36,71,29.61
47,01-01-2018 23:50,3373.228678,29.18817484,45,36,71,29.61
48,01-02-2018 00:20,999.574707,16.06411945,43,37,81,29.61
49,01-02-2018 00:50,1257.54128,17.22294177,45,36,71,29.61
50,01-02-2018 01:20,1825.71696,20.06078995,45,36,71,29.61
51,01-02-2018 01:50,2610.048665,23.39309405,43,36,76,29.58
52,01-02-2018 02:20,3298.51359,26.35848267,43,36,76,29.58
53,01-02-2018 02:50,3541.535645,28.25535562,48,43,87,30.05
54,01-02-2018 03:20,3601.740723,30.62206004,48,43,87,30.05
55,01-02-2018 03:50,3603.398682,31.3626671,41,36,81,29.58
56,01-02-2018 04:20,3603.640625,31.85122902,41,36,81,29.58
57,01-02-2018 04:50,3603.445638,34.07435299,43,36,76,29.58
58,01-02-2018 05:20,3603.496012,35.38047979,41,36,81,29.55
59,01-02-2018 05:50,3603.479655,35.97708046,41,36,81,29.55
60,01-02-2018 06:20,3603.193278,36.33459374,43,36,76,29.52
61,01-02-2018 06:50,3603.17806,35.93494897,43,34,70,29.52
62,01-02-2018 07:20,3603.09432,36.07884515,43,36,76,29.52
63,01-02-2018 07:50,3595.582275,33.00276891,45,36,71,29.52
64,01-02-2018 08:20,3440.491048,30.11941256,43,34,70,29.52
65,01-02-2018 08:50,3597.647054,31.31718203,43,37,81,29.52
66,01-02-2018 09:20,3544.576579,30.55081451,45,37,76,29.52
67,01-02-2018 09:50,3455.384359,28.48561113,46,37,71,29.52
68,01-02-2018 10:20,3547.046061,30.75631364,50,39,66,29.52
69,01-02-2018 10:50,3578.573975,30.60141385,52,37,58,29.52
70,01-02-2018 11:20,3407.478678,27.12150373,54,37,54,29.49
71,01-02-2018 11:50,3484.965983,29.28582436,55,39,54,29.49
72,01-02-2018 12:20,3595.248291,32.87802206,55,39,54,29.49
73,01-02-2018 12:50,3588.052653,31.03316566,55,37,51,29.49
74,01-02-2018 13:20,3509.602295,28.64747691,55,39,54,29.46
75,01-02-2018 13:50,3440.629964,26.9852882,59,39,48,29.46
76,01-02-2018 14:20,3372.069987,26.77267519,59,37,45,29.43
77,01-02-2018 14:50,3412.394287,26.52983243,59,39,48,29.46
78,01-02-2018 15:20,3595.686361,31.08808992,57,41,55,29.46
79,01-02-2018 15:50,3599.974365,33.90558309,57,43,59,29.46
80,01-02-2018 16:20,3602.666992,34.16565662,57,43,59,29.46
81,01-02-2018 16:50,3602.746989,35.25814926,57,43,59,29.46
82,01-02-2018 17:20,3602.355306,39.98555709,55,43,63,29.46
83,01-02-2018 17:50,3602.301351,40.3543527,54,43,67,29.46
84,01-02-2018 18:20,3602.261393,39.76739602,55,43,63,29.46
85,01-02-2018 18:50,3602.436768,42.66400026,54,41,62,29.46
86,01-02-2018 19:20,3602.804606,40.39127752,52,41,67,29.46
87,01-02-2018 19:50,3602.69401,35.59433866,54,39,58,29.46
88,01-02-2018 20:20,3567.245361,38.8444185,54,39,58,29.46
89,01-02-2018 20:50,3602.71167,41.58337948,52,41,67,29.46
90,01-02-2018 21:20,3603.021322,42.35977713,52,41,67,29.46
91,01-02-2018 21:50,3602.892415,44.43052643,50,41,71,29.46
92,01-02-2018 22:20,3602.609701,46.52228173,52,43,71,29.46
93,01-02-2018 22:50,3602.399658,48.50811808,50,43,76,29.46
94,01-02-2018 23:20,3601.942627,44.39572785,52,41,67,29.46
95,01-02-2018 23:50,3602.516683,42.86427419,52,41,67,29.46
96,01-03-2018 00:20,0,9.716904922,50,39,66,29.46
97,01-03-2018 00:50,0,11.82117121,50,41,71,29.46
98,01-03-2018 01:20,0,13.32297324,52,41,67,29.46
99,01-03-2018 01:50,0,13.751977,50,41,71,29.46
100,01-03-2018 02:20,0,13.55427762,48,41,76,29.46
101,01-03-2018 02:50,0,10.13437759,48,43,87,30.05
102,01-03-2018 03:20,0,8.75483462,48,43,87,30.05
103,01-03-2018 03:50,0,8.357353219,48,41,76,29.43
104,01-03-2018 04:20,0,7.863854459,50,41,71,29.43
105,01-03-2018 04:50,0,8.846265538,50,43,76,29.46
106,01-03-2018 05:20,0,9.327461844,50,45,82,29.43
107,01-03-2018 05:50,0,7.702138013,48,43,82,29.43
108,01-03-2018 06:20,0,8.08956387,46,45,93,29.43
109,01-03-2018 06:50,0,6.555156472,46,45,93,29.43
110,01-03-2018 07:20,0,3.240009187,46,45,93,29.43
111,01-03-2018 07:50,0,2.932721028,46,45,93,29.43
112,01-03-2018 08:20,0,2.418871489,48,45,87,29.43
113,01-03-2018 08:50,0,5.412362714,48,45,87,29.43
114,01-03-2018 09:20,0,6.378787374,50,45,82,29.43
115,01-03-2018 09:50,0,8.903565593,48,45,87,29.46
116,01-03-2018 10:20,0,8.268508764,50,46,87,29.46
117,01-03-2018 10:50,0,8.600634013,48,46,93,29.46
118,01-03-2018 11:20,0,10.43484182,48,46,93,29.46
119,01-03-2018 11:50,0,9.69108989,52,48,88,29.46
120,01-03-2018 12:20,0,7.854208686,52,46,82,29.46
121,01-03-2018 12:50,0,7.894204379,52,46,82,29.43
122,01-03-2018 13:20,0,9.11524172,55,46,72,29.43
123,01-03-2018 13:50,0,9.962512626,55,45,67,29.43
124,01-03-2018 14:20,0,11.47987788,55,46,72,29.4
125,01-03-2018 14:50,0,11.83690404,54,45,72,29.4
126,01-03-2018 15:20,0,13.02537405,54,46,77,29.4
127,01-03-2018 15:50,0,14.59854284,54,46,77,29.4
128,01-03-2018 16:20,272.8210653,18.98089877,54,46,77,29.4
129,01-03-2018 16:50,1358.517782,20.74717463,54,46,77,29.4
130,01-03-2018 17:20,1913.647705,20.55548301,50,46,87,29.4
131,01-03-2018 17:50,2178.76473,21.28268364,50,46,87,29.4
132,01-03-2018 18:20,2691.396322,23.51469214,50,46,87,29.4
133,01-03-2018 18:50,2650.46932,22.95966829,48,46,93,29.4
134,01-03-2018 19:20,3137.573405,24.46396631,48,46,93,29.4
135,01-03-2018 19:50,3292.170003,25.44622219,48,46,93,29.4
136,01-03-2018 20:20,3322.049072,25.89331891,48,46,93,29.43
137,01-03-2018 20:50,3592.306966,28.75376847,48,46,93,29.43
138,01-03-2018 21:20,3603.095296,28.65476857,48,46,93,29.43
139,01-03-2018 21:50,3547.590983,30.32496573,48,46,93,29.43
140,01-03-2018 22:20,3468.978678,31.54234604,48,46,93,29.43
141,01-03-2018 22:50,3460.496094,31.88207672,48,46,93,29.43
142,01-03-2018 23:20,3460.385335,33.65004287,48,46,93,29.43
143,01-03-2018 23:50,3460.577718,33.24801948,48,46,93,29.43
144,01-04-2018 00:20,3603.409993,40.33867287,46,46,100,29.4
145,01-04-2018 00:50,3603.065674,43.02863736,46,45,93,29.4
146,01-04-2018 01:20,3602.993652,44.30017253,46,45,93,29.37
147,01-04-2018 01:50,3602.780029,44.46288166,46,46,100,29.4
148,01-04-2018 02:20,3603.092936,46.03981184,46,46,100,29.37
149,01-04-2018 02:50,3603.286051,42.65240642,48,43,87,30.05
150,01-04-2018 03:20,3603.237956,43.78500605,48,43,87,30.05
151,01-04-2018 03:50,3603.385661,43.32246699,46,45,93,29.37
152,01-04-2018 04:20,3602.819336,43.26012307,46,46,100,29.37
153,01-04-2018 04:50,3602.409993,46.88436029,46,46,100,29.37
154,01-04-2018 05:20,3601.95931,41.07150829,48,46,93,29.34
155,01-04-2018 05:50,3602.013346,43.89642043,46,45,93,29.34
156,01-04-2018 06:20,3602.832682,39.82128919,46,46,100,29.34
157,01-04-2018 06:50,3602.826009,41.6937656,46,45,93,29.34
158,01-04-2018 07:20,3602.693685,42.21224295,48,46,93,29.34
159,01-04-2018 07:50,3602.789388,41.23289762,48,46,93,29.34
160,01-04-2018 08:20,3601.312988,41.14644587,48,46,93,29.34
161,01-04-2018 08:50,3603.220378,42.25034677,48,46,93,29.34
162,01-04-2018 09:20,3603.165283,38.12313994,48,46,93,29.34
163,01-04-2018 09:50,3596.277425,35.94426372,48,46,93,29.37
164,01-04-2018 10:20,3590.980957,38.50165923,50,46,87,29.37
165,01-04-2018 10:50,3471.491292,33.09527361,50,46,87,29.37
166,01-04-2018 11:20,3518.104655,34.28282736,50,46,87,29.34
167,01-04-2018 11:50,3602.223307,40.18680523,50,45,82,29.34
168,01-04-2018 12:20,3602.575033,41.87390674,52,45,76,29.34
169,01-04-2018 12:50,3603.089681,40.68498056,52,45,76,29.34
170,01-04-2018 13:20,3601.445638,37.2791419,52,45,76,29.32
171,01-04-2018 13:50,3595.750651,34.69077142,54,45,72,29.32
172,01-04-2018 14:20,3603.506022,39.8242872,54,43,67,29.32
173,01-04-2018 14:50,3602.948324,42.35179998,54,45,72,29.32
174,01-04-2018 15:20,3602.131348,40.02330818,54,43,67,29.32
175,01-04-2018 15:50,241.8027344,36.36212342,52,41,67,29.32
176,01-04-2018 16:20,0,33.74420301,50,45,82,29.32
177,01-04-2018 16:50,2156.994059,31.68069277,50,45,82,29.32
178,01-04-2018 17:20,3551.098958,31.07348312,48,45,87,29.32
179,01-04-2018 17:50,3282.179606,27.68278884,48,45,87,29.32
180,01-04-2018 18:20,1805.012695,24.06025901,48,45,87,29.34
181,01-04-2018 18:50,738.7186686,25.76119009,48,45,87,29.34
182,01-04-2018 19:20,612.4969889,22.37023342,48,45,87,29.34
183,01-04-2018 19:50,1518.796997,20.83800822,48,45,87,29.37
184,01-04-2018 20:20,307.4164429,19.71747531,48,45,87,29.37
185,01-04-2018 20:50,2419.997274,22.47066334,48,45,87,29.37
186,01-04-2018 21:20,2866.302083,24.26205968,48,45,87,29.37
187,01-04-2018 21:50,2795.566976,23.2043649,48,45,87,29.4
188,01-04-2018 22:20,1328.150635,22.6468266,48,45,87,29.4
189,01-04-2018 22:50,1428.935994,17.16505434,48,45,87,29.4
190,01-04-2018 23:20,894.1152751,14.65515455,48,43,82,29.43
191,01-04-2018 23:50,1170.063721,16.13161959,48,43,82,29.43
192,01-05-2018 00:20,323.633433,12.17140597,48,43,82,29.43
193,01-05-2018 00:50,160.7188314,10.76941166,48,43,82,29.43
194,01-05-2018 01:20,124.5483958,9.717307585,48,43,82,29.43
195,01-05-2018 01:50,64.07306671,8.409713235,48,43,82,29.43
196,01-05-2018 02:20,56.8111945,8.946276992,46,43,87,29.43
197,01-05-2018 02:50,128.4787013,9.404517081,48,43,87,30.05
198,01-05-2018 03:20,87.92578125,8.656935321,48,43,87,30.05
199,01-05-2018 03:50,28.7902565,7.971136419,46,43,87,29.46
200,01-05-2018 04:20,40.39225769,8.880030004,46,43,87,29.46
201,01-05-2018 04:50,76.0663147,9.328223435,46,43,87,29.46
202,01-05-2018 05:20,22.01507384,7.961101674,46,43,87,29.46
203,01-05-2018 05:50,0,5.553891181,46,43,87,29.46
204,01-05-2018 05:50,0,5.553891181,46,43,87,29.46
205,01-05-2018 06:20,0,4.133749499,46,43,87,29.46
206,01-05-2018 06:20,0,4.133749499,46,41,81,29.49
207,01-05-2018 06:50,0,3.506170108,46,43,87,29.49
208,01-05-2018 07:20,0,4.855980752,46,43,87,29.49
209,01-05-2018 07:50,0,3.544156311,46,43,87,29.52
210,01-05-2018 08:20,0,3.950805086,45,43,93,29.52
211,01-05-2018 08:50,0,3.857461387,45,43,93,29.55
212,01-05-2018 09:20,0,3.710986482,45,41,87,29.55
213,01-05-2018 09:50,0,4.4560128,45,41,87,29.55
214,01-05-2018 10:20,0,4.064199565,45,41,87,29.55
215,01-05-2018 10:50,0,2.772868298,46,41,81,29.58
216,01-05-2018 11:20,0,3.631884597,46,41,81,29.58
217,01-05-2018 11:50,0,4.686566873,46,41,81,29.58
218,01-05-2018 12:20,0,4.398939586,46,41,81,29.58
219,01-05-2018 12:50,0,4.349607451,46,41,81,29.58
220,01-05-2018 13:20,0,3.9651581,46,41,81,29.58
221,01-05-2018 13:50,0,4.689451733,46,41,81,29.58
222,01-05-2018 14:20,0,6.49215763,48,41,76,29.58
223,01-05-2018 14:50,0,7.659721011,48,43,82,29.61
224,01-05-2018 15:20,67.06885783,9.133228565,48,41,76,29.61
225,01-05-2018 15:50,42.72434855,8.215655066,48,43,82,29.61
226,01-05-2018 16:20,101.8123474,9.061582873,48,43,82,29.61
227,01-05-2018 16:50,75.78513972,8.831703904,48,41,76,29.64
228,01-05-2018 17:20,88.10813268,9.222998343,48,41,76,29.64
229,01-05-2018 17:50,0.942869027,7.333449039,46,41,81,29.64
230,01-05-2018 18:20,0,6.206749432,46,39,76,29.64
231,01-05-2018 18:50,27.79511929,7.906641236,46,41,81,29.67
232,01-05-2018 19:20,119.864933,9.086025476,46,41,81,29.67
233,01-05-2018 19:50,60.38962619,8.011165178,45,39,81,29.67
234,01-05-2018 20:20,66.21422259,8.13421836,45,39,81,29.67
235,01-05-2018 20:50,88.23095194,8.867762391,45,41,87,29.67
236,01-05-2018 21:20,19.70305761,7.571499661,43,39,87,29.7
237,01-05-2018 21:50,0,6.554094085,45,41,87,29.7
238,01-05-2018 22:20,0,7.901099601,43,37,81,29.72
239,01-05-2018 22:50,7.438217878,7.66728698,43,37,81,29.72
240,01-05-2018 23:20,0,6.121683074,41,37,87,29.72
241,01-05-2018 23:50,0,6.178952552,39,37,93,29.72
242,01-06-2018 00:20,672.079895,14.32920649,41,39,93,29.72
243,01-06-2018 00:50,636.6495565,14.5562286,41,39,93,29.75
244,01-06-2018 01:20,423.6882324,12.84423558,41,39,93,29.75
245,01-06-2018 01:50,396.2386983,12.53024722,37,36,93,29.75
246,01-06-2018 02:20,440.5222371,12.81241687,37,36,93,29.75
247,01-06-2018 02:50,681.5291341,14.67910738,48,43,87,30.05
248,01-06-2018 03:20,1055.225505,16.44620278,48,43,87,30.05
249,01-06-2018 03:50,1324.404012,17.45540098,39,37,93,29.75
250,01-06-2018 04:20,2025.084351,21.14096771,39,37,93,29.75
251,01-06-2018 04:50,2216.131673,22.05954635,37,36,93,29.75
252,01-06-2018 05:20,1426.711711,18.13970496,37,36,93,29.75
253,01-06-2018 05:50,1642.335978,19.31710167,39,37,93,29.75
254,01-06-2018 05:50,1642.335978,19.31710167,37,36,93,29.78
255,01-06-2018 06:20,1811.634684,20.22746137,37,37,100,29.75
256,01-06-2018 06:20,1811.634684,20.22746137,37,36,93,29.78
257,01-06-2018 06:50,1432.329631,18.12803432,36,34,93,29.78
258,01-06-2018 07:20,1450.623657,18.21255935,37,36,93,29.78
259,01-06-2018 07:50,899.6000773,15.28616769,36,36,100,29.78
260,01-06-2018 08:20,1022.322266,15.84336608,37,36,93,29.81
261,01-06-2018 08:50,1395.694336,17.61701929,39,37,93,29.81
262,01-06-2018 09:20,1338.03597,17.18781856,43,41,93,29.81
263,01-06-2018 09:50,1006.744303,15.35969656,48,43,82,29.81
264,01-06-2018 10:20,1014.610962,15.63197546,48,41,76,29.84
265,01-06-2018 10:50,893.5507609,15.04861946,48,41,76,29.84
266,01-06-2018 11:20,745.1819865,14.22588022,48,41,76,29.84
267,01-06-2018 11:50,695.3432007,13.96605417,48,41,76,29.84
268,01-06-2018 12:20,706.2713826,14.33325267,50,39,66,29.84
269,01-06-2018 12:50,628.2534587,14.070515,52,41,67,29.84
270,01-06-2018 13:20,817.5779419,15.00892847,52,41,67,29.84
271,01-06-2018 13:50,1396.01237,17.70767688,52,41,67,29.84
272,01-06-2018 14:20,2131.728678,21.51027606,52,41,67,29.81
273,01-06-2018 14:50,1942.815999,20.6520417,54,41,62,29.81
274,01-06-2018 15:20,2311.104411,22.09473036,55,37,51,29.81
275,01-06-2018 15:50,2482.207357,23.25433346,54,37,54,29.84
276,01-06-2018 16:20,2133.402669,21.1592566,55,37,51,29.84
277,01-06-2018 16:50,2247.032308,22.37784507,54,41,62,29.84
278,01-06-2018 17:20,3087.839355,26.50307145,50,39,66,29.84
279,01-06-2018 17:50,3599.727376,29.84014563,48,39,71,29.84
280,01-06-2018 18:20,3530.754313,29.35267242,46,39,76,29.84
281,01-06-2018 18:50,3591.096354,29.92300918,45,41,87,29.84
282,01-06-2018 19:20,3588.871419,30.76614182,45,39,81,29.84
283,01-06-2018 19:50,3492.668701,28.9589028,45,39,81,29.84
284,01-06-2018 20:20,3590.692057,30.26239781,45,39,81,29.87
285,01-06-2018 20:50,3569.617025,28.05738639,45,39,81,29.87
286,01-06-2018 21:20,3374.899984,27.42493681,45,39,81,29.87
287,01-06-2018 21:50,1734.951335,19.75735011,41,37,87,29.87
288,01-06-2018 22:20,1693.202311,19.69007007,43,39,87,29.9
289,01-06-2018 22:50,1819.921672,20.21054563,43,39,87,29.9
290,01-06-2018 23:20,1504.510295,18.90301723,41,37,87,29.9
291,01-06-2018 23:50,1148.240336,17.49088045,43,39,87,29.9
292,01-07-2018 00:20,1416.329305,17.99843347,43,39,87,29.9
293,01-07-2018 00:50,1466.930664,18.36286506,45,39,81,29.9
294,01-07-2018 01:20,1599.792969,19.12130378,46,37,71,29.9
295,01-07-2018 01:50,1436.362712,18.22670143,46,37,71,29.9
296,01-07-2018 02:20,1231.474325,17.43774249,48,37,66,29.9
297,01-07-2018 02:50,984.646403,16.32869461,48,43,87,30.05
298,01-07-2018 03:20,730.3922526,14.90016333,48,43,87,30.05
299,01-07-2018 03:50,903.0692749,15.80871291,46,37,71,29.9
300,01-07-2018 04:20,873.2652588,15.8322053,46,36,66,29.9
301,01-07-2018 04:50,564.8279724,13.93591616,48,36,62,29.9
302,01-07-2018 05:20,119.0604057,9.367862687,50,37,62,29.9
303,01-07-2018 05:50,0,5.802670052,48,36,62,29.9
304,01-07-2018 05:50,0,5.802670052,45,36,71,29.9
305,01-07-2018 06:20,0,3.725217096,46,36,66,29.9
306,01-07-2018 06:20,0,3.725217096,43,37,81,29.9
307,01-07-2018 06:50,0,6.157849117,46,37,71,29.93
308,01-07-2018 07:20,0,5.730240903,45,39,81,29.93
309,01-07-2018 07:50,0,5.656528744,45,39,81,29.93
310,01-07-2018 08:20,0,6.648248352,45,41,87,29.93
311,01-07-2018 08:50,0,4.145972222,46,39,76,29.96
312,01-07-2018 09:20,0,5.05475212,52,39,62,29.96
313,01-07-2018 09:50,0,5.438899607,54,37,54,29.96
314,01-07-2018 10:20,3.192372322,6.941370073,54,39,58,29.96
315,01-07-2018 10:50,24.98135694,7.560958609,54,37,54,29.99
316,01-07-2018 11:20,39.39917247,7.560096576,55,37,51,29.99
317,01-07-2018 11:50,0,5.975692162,57,37,48,29.99
318,01-07-2018 12:20,18.88417053,7.562769081,59,37,45,29.99
319,01-07-2018 12:50,19.91148742,7.091720231,59,37,45,29.99
320,01-07-2018 13:20,23.6805795,7.344950791,59,37,45,29.99
321,01-07-2018 13:50,130.3100421,9.34693525,59,37,45,29.99
322,01-07-2018 14:20,232.0455017,10.71071927,59,37,45,29.99
323,01-07-2018 14:50,150.6503957,9.638102324,59,37,45,29.99
324,01-07-2018 15:20,126.0198619,9.174326291,59,37,45,29.99
325,01-07-2018 15:50,154.7788315,9.619136824,57,37,48,29.99
326,01-07-2018 16:20,709.1610921,14.76547879,57,37,48,29.99
327,01-07-2018 16:50,798.6513265,15.58946353,57,37,48,29.99
328,01-07-2018 17:20,738.9640299,15.35686743,55,37,51,30.02
329,01-07-2018 17:50,597.1981913,14.49151635,54,37,54,30.02
330,01-07-2018 18:20,462.590505,13.35736828,50,37,62,30.02
331,01-07-2018 18:50,348.7783305,12.46147137,50,39,66,30.05
332,01-07-2018 19:20,298.9265289,11.73816581,50,39,66,30.05
333,01-07-2018 19:50,128.5747426,9.404291128,48,39,71,30.05
334,01-07-2018 20:20,214.2341003,10.80372279,48,39,71,30.05
335,01-07-2018 20:50,251.2044627,11.19720477,50,39,66,30.05
336,01-07-2018 21:20,253.5991923,11.18865125,48,39,71,30.05
337,01-07-2018 21:50,278.7092285,11.49633212,46,39,76,30.05
338,01-07-2018 22:20,442.4710693,13.06557632,46,39,76,30.05
339,01-07-2018 22:50,413.2834574,12.96497892,50,39,66,30.05
340,01-07-2018 23:20,439.5460714,13.14110446,48,39,71,30.05
341,01-07-2018 23:50,551.7474976,13.96575693,50,39,66,30.05
342,01-08-2018 00:20,1126.134318,17.45523813,50,39,66,30.05
343,01-08-2018 00:50,1051.978027,16.90783128,48,39,71,30.05
344,01-08-2018 01:20,1195.312337,17.89477299,48,39,71,30.07
345,01-08-2018 01:50,1071.142598,16.97951697,46,39,76,30.07
346,01-08-2018 02:20,1068.475993,17.17245587,46,39,76,30.07
347,01-08-2018 02:50,1143.639323,17.66321368,48,43,87,30.05
348,01-08-2018 03:20,981.288147,16.8093359,48,43,87,30.05
349,01-08-2018 03:50,896.6818237,15.84168397,48,39,71,30.07
350,01-08-2018 04:20,861.7310588,15.70557793,48,39,71,30.07
351,01-08-2018 04:50,437.2147013,12.91983981,48,41,76,30.07
352,01-08-2018 05:20,315.3158773,11.48113084,46,39,76,30.07
353,01-08-2018 05:50,426.8610636,12.350505,50,41,71,30.1
354,01-08-2018 05:50,426.8610636,12.350505,48,43,82,30.1
355,01-08-2018 06:20,651.3420512,14.14403001,50,43,76,30.1
356,01-08-2018 06:20,651.3420512,14.14403001,48,45,87,30.1
357,01-08-2018 06:50,858.9765625,15.39236468,48,43,82,30.1
358,01-08-2018 07:20,669.7132161,13.89983865,48,45,87,30.13
359,01-08-2018 07:50,1163.617167,16.33937575,48,43,82,30.13
360,01-08-2018 08:20,1040.151815,15.83112052,50,43,76,30.13
361,01-08-2018 08:50,963.9064128,15.41454437,50,43,76,30.13
362,01-08-2018 09:20,706.4235433,14.25510375,52,45,76,30.13
363,01-08-2018 09:50,337.7961324,11.47525606,54,43,67,30.13
364,01-08-2018 10:20,432.9201406,12.38170504,55,43,63,30.13
365,01-08-2018 10:50,487.8005066,13.16317038,55,43,63,30.13
366,01-08-2018 11:20,632.3308105,14.26922024,57,43,59,30.13
367,01-08-2018 11:50,577.2010498,13.79860018,57,43,59,30.13
368,01-08-2018 12:20,398.7016907,12.34430453,57,43,59,30.1
369,01-08-2018 12:50,349.3829651,11.87048948,57,45,63,30.1
370,01-08-2018 13:20,315.2576396,11.60491629,57,45,63,30.1
371,01-08-2018 13:50,612.8428141,14.12232818,57,43,59,30.1
372,01-08-2018 14:20,823.9541016,15.37255901,57,45,63,30.1
373,01-08-2018 14:50,840.3617757,15.3493475,57,45,63,30.1
374,01-08-2018 15:20,1059.726217,16.51557952,57,45,63,30.07
375,01-08-2018 15:50,944.1473999,16.05401858,57,45,63,30.07
376,01-08-2018 16:20,1107.261353,16.80154682,59,45,59,30.07
377,01-08-2018 16:50,932.0876058,16.01587958,55,45,67,30.1
378,01-08-2018 17:20,1149.573975,17.07739334,54,45,72,30.07
379,01-08-2018 17:50,998.0540365,16.25267225,54,45,72,30.07
380,01-08-2018 18:20,1173.201335,17.13245377,52,45,76,30.07
381,01-08-2018 18:50,1294.659017,17.70078486,50,45,82,30.07
382,01-08-2018 19:20,1420.18929,18.4533527,50,45,82,30.07
383,01-08-2018 19:50,861.1776326,15.53860536,52,45,76,30.07
384,01-08-2018 20:20,504.6794027,13.13948492,50,45,82,30.1
385,01-08-2018 20:50,736.7249247,14.58475347,50,45,82,30.07
386,01-08-2018 21:20,1353.861226,18.12335561,48,45,87,30.07
387,01-08-2018 21:50,1879.519328,21.00304125,50,45,82,30.07
388,01-08-2018 22:20,1128.408,17.22879664,50,45,82,30.07
389,01-08-2018 22:50,1106.192668,17.21899087,46,43,87,30.07
390,01-08-2018 23:20,1373.033651,18.18140659,48,45,87,30.07
391,01-08-2018 23:50,1646.010986,19.68447368,48,45,87,30.07
392,01-09-2018 00:20,3295.973958,27.72400799,48,45,87,30.05
393,01-09-2018 00:50,3114.686035,26.33103546,48,43,82,30.05
394,01-09-2018 01:20,3165.84196,26.83207228,48,45,87,30.05
395,01-09-2018 01:50,3183.98763,27.4569102,50,43,76,30.05
396,01-09-2018 02:20,3064.054688,26.92923115,46,43,87,30.05
397,01-09-2018 02:50,2929.038005,25.69506595,48,43,87,30.05
398,01-09-2018 03:20,3009.95931,26.13741392,48,43,87,30.05
399,01-09-2018 03:50,3517.391683,29.99309345,46,43,87,30.05
400,01-09-2018 04:20,3477.237305,28.67332838,46,43,87,30.05
401,01-09-2018 04:50,3599.314046,30.78720614,48,43,82,30.07
402,01-09-2018 05:20,3128.604329,27.45828191,46,43,87,30.05
403,01-09-2018 05:50,2827.256999,24.88791091,46,43,87,30.07
404,01-09-2018 05:50,2827.256999,24.88791091,46,43,87,30.07
405,01-09-2018 06:20,3296.617025,27.9693254,48,43,82,30.07
406,01-09-2018 06:20,3296.617025,27.9693254,48,43,82,30.07
407,01-09-2018 06:50,3308.725586,28.45948373,50,43,76,30.07
408,01-09-2018 07:20,3305.049967,28.52550335,52,41,67,30.1
409,01-09-2018 07:50,2497.15568,23.16119093,48,43,82,30.1
410,01-09-2018 08:20,1658.866659,18.98757213,52,41,67,30.1
411,01-09-2018 08:50,1036.10317,16.08548884,52,43,71,30.1
412,01-09-2018 09:20,1228.028646,17.07587015,50,45,82,30.13
413,01-09-2018 09:50,1514.164307,18.50362954,50,45,82,30.13
414,01-09-2018 10:20,1350.896322,17.64565083,52,45,76,30.13
415,01-09-2018 10:50,1204.640991,17.06331668,52,48,88,30.13
416,01-09-2018 11:20,1057.58549,15.94545432,50,48,94,30.13
417,01-09-2018 11:50,1076.388997,15.78478142,50,48,94,30.13
418,01-09-2018 12:20,1203.892334,16.76081941,50,46,87,30.13
419,01-09-2018 12:50,1668.068685,18.97717401,50,46,87,30.13
420,01-09-2018 13:20,1901.580648,20.31439029,50,46,87,30.13
421,01-09-2018 13:50,1686.936035,19.10952541,50,46,87,30.13
422,01-09-2018 14:20,1531.860311,18.32857598,52,46,82,30.1
423,01-09-2018 14:50,1390.899658,17.85802313,50,46,87,30.13
424,01-09-2018 15:20,2135.322306,21.53584878,50,46,87,30.13
425,01-09-2018 15:50,2417.250651,23.410248,50,46,87,30.13
426,01-09-2018 16:20,2247.413656,22.21023642,48,46,93,30.13
427,01-09-2018 16:50,2152.901001,22.11771538,48,46,93,30.13
428,01-09-2018 17:20,2382.541748,23.46991035,48,46,93,30.13
429,01-09-2018 17:50,3499.534342,30.04877006,48,46,93,30.13
430,01-09-2018 18:20,3604.316325,35.50222152,48,46,93,30.13
431,01-09-2018 18:50,3604.148682,36.9903227,48,46,93,30.16
432,01-09-2018 19:20,3603.951253,34.87000946,48,46,93,30.13
433,01-09-2018 19:50,3600.124674,34.1492159,48,46,93,30.13
434,01-09-2018 20:20,3560.577067,31.40273,50,46,87,30.13
435,01-09-2018 20:50,3588.638346,32.31015995,50,46,87,30.13
436,01-09-2018 21:20,3528.152344,32.21866147,48,46,93,30.13
437,01-09-2018 21:50,3481.397298,31.88177878,48,46,93,30.13
438,01-09-2018 22:20,3264.611328,28.97717889,48,46,93,30.1
439,01-09-2018 22:50,3210.49292,28.69435572,48,46,93,30.1
440,01-09-2018 23:20,3296.743652,29.10593707,48,46,93,30.1
441,01-09-2018 23:50,3448.612305,29.79381151,48,46,93,30.1
442,01-10-2018 00:20,1309.812638,16.92796292,48,46,93,30.07
443,01-10-2018 00:50,1309.812638,16.92796292,48,46,93,30.07
444,01-10-2018 01:20,1309.812638,16.92796292,48,46,93,30.07
445,01-10-2018 01:50,1309.812638,16.92796292,48,46,93,30.05
446,01-10-2018 02:20,1309.812638,16.92796292,48,45,87,30.05
447,01-10-2018 02:50,1309.812638,16.92796292,48,43,87,30.05
448,01-10-2018 03:20,1309.812638,16.92796292,48,43,87,30.05
449,01-10-2018 03:50,1309.812638,16.92796292,48,45,87,30.05
450,01-10-2018 04:20,1309.812638,16.92796292,48,45,87,30.05
451,01-10-2018 04:50,1309.812638,16.92796292,48,45,87,30.02
452,01-10-2018 05:20,1309.812638,16.92796292,48,45,87,30.02
453,01-10-2018 05:50,1309.812638,16.92796292,48,45,87,30.02
454,01-10-2018 05:50,1309.812638,16.92796292,48,45,87,29.99
455,01-10-2018 06:20,1309.812638,16.92796292,48,45,87,29.99
456,01-10-2018 06:20,1309.812638,16.92796292,48,45,87,29.96
457,01-10-2018 06:50,1309.812638,16.92796292,48,45,87,29.96
458,01-10-2018 07:20,1309.812638,16.92796292,48,45,87,29.96
459,01-10-2018 07:50,1309.812638,16.92796292,48,45,87,29.96
460,01-10-2018 08:20,1309.812638,16.92796292,46,45,93,29.96
461,01-10-2018 08:50,1309.812638,16.92796292,48,45,87,29.96
462,01-10-2018 09:20,1309.812638,16.92796292,48,45,87,29.93
463,01-10-2018 09:50,1309.812638,16.92796292,48,43,82,29.93
464,01-10-2018 10:20,1309.812638,16.92796292,48,43,82,29.93
465,01-10-2018 10:50,1309.812638,16.92796292,50,43,76,29.9
466,01-10-2018 11:20,1309.812638,16.92796292,50,43,76,29.9
467,01-10-2018 11:50,1309.812638,16.92796292,50,43,76,29.87
468,01-10-2018 12:20,1309.812638,16.92796292,50,43,76,29.87
469,01-10-2018 12:50,1309.812638,16.92796292,50,43,76,29.84
470,01-10-2018 13:20,1309.812638,16.92796292,50,43,76,29.81
471,01-10-2018 13:50,1309.812638,16.92796292,52,43,71,29.81
472,01-10-2018 14:20,1309.812638,16.92796292,52,45,76,29.81
473,01-10-2018 14:50,1309.812638,16.92796292,50,43,76,29.78
474,01-10-2018 15:20,1309.812638,16.92796292,52,43,71,29.78
475,01-10-2018 15:50,1309.812638,16.92796292,50,43,76,29.78
476,01-10-2018 16:20,1309.812638,16.92796292,50,45,82,29.78
477,01-10-2018 16:50,1309.812638,16.92796292,50,43,76,29.72
478,01-10-2018 17:20,1309.812638,16.92796292,50,45,82,29.72
479,01-10-2018 17:50,1309.812638,16.92796292,50,43,76,29.72
480,01-10-2018 18:20,1309.812638,16.92796292,48,45,87,29.72
481,01-10-2018 18:50,1309.812638,16.92796292,48,43,82,29.72
482,01-10-2018 19:20,1309.812638,16.92796292,48,43,82,29.72
483,01-10-2018 19:50,1309.812638,16.92796292,46,43,87,29.7
484,01-10-2018 20:20,1309.812638,16.92796292,46,45,93,29.7
485,01-10-2018 20:50,1309.812638,16.92796292,48,45,87,29.7
486,01-10-2018 21:20,1309.812638,16.92796292,46,43,87,29.7
487,01-10-2018 21:50,1309.812638,16.92796292,46,43,87,29.67
488,01-10-2018 22:20,1309.812638,16.92796292,46,43,87,29.67
489,01-10-2018 22:50,1309.812638,16.92796292,46,43,87,29.7
490,01-10-2018 23:20,1309.812638,16.92796292,46,43,87,29.67
491,01-10-2018 23:50,1309.812638,16.92796292,46,43,87,29.67
492,01-11-2018 00:20,19.39037323,8.068768696,46,43,87,29.67
493,01-11-2018 00:50,86.99791718,9.303661901,43,41,93,29.67
494,01-11-2018 01:20,123.7258021,9.828205332,43,41,93,29.64
495,01-11-2018 01:50,164.3337046,10.45242636,43,41,93,29.64
496,01-11-2018 02:20,344.3483073,12.78517056,45,43,93,29.64
497,01-11-2018 02:50,506.2081909,13.68313395,48,43,87,30.05
498,01-11-2018 03:20,478.4368388,13.55990814,48,43,87,30.05
499,01-11-2018 03:50,471.3008423,13.79145216,46,41,81,29.64
500,01-11-2018 04:20,510.877828,13.9813486,46,39,76,29.64
501,01-11-2018 04:50,608.3880208,14.60301249,46,41,81,29.64
502,01-11-2018 05:20,500.1514994,13.42196889,46,43,87,29.61
503,01-11-2018 05:50,472.4714355,12.94670568,46,43,87,29.61
504,01-11-2018 05:50,472.4714355,12.94670568,45,41,87,29.61
505,01-11-2018 06:20,428.779836,12.9215013,43,41,93,29.61
506,01-11-2018 06:20,428.779836,12.9215013,45,41,87,29.58
507,01-11-2018 06:50,891.0479736,16.08952045,48,37,66,29.58
508,01-11-2018 07:20,828.9884033,15.78417982,46,36,66,29.58
509,01-11-2018 07:50,873.6314494,16.12051712,48,36,62,29.58
510,01-11-2018 08:20,920.2165934,17.0132866,46,37,71,29.58
511,01-11-2018 08:50,506.8545736,13.23916998,46,37,71,29.58
512,01-11-2018 09:20,576.3070475,13.94250098,50,37,62,29.55
513,01-11-2018 09:50,796.1946615,16.49225246,52,37,58,29.55
514,01-11-2018 10:20,721.828654,15.87712966,52,36,54,29.55
515,01-11-2018 10:50,921.9401855,17.12621668,52,37,58,29.55
516,01-11-2018 11:20,557.4104716,13.98773715,54,37,54,29.55
517,01-11-2018 11:50,750.0925903,15.32195542,54,37,54,29.55
518,01-11-2018 12:20,1232.743978,18.87778655,54,37,54,29.55
519,01-11-2018 12:50,1449.137655,19.69967922,54,36,51,29.52
520,01-11-2018 13:20,1232.969645,17.91614806,55,37,51,29.52
521,01-11-2018 13:50,1529.218994,19.44809913,54,37,54,29.52
522,01-11-2018 14:20,2089.856038,21.95222937,55,39,54,29.49
523,01-11-2018 14:50,2174.44637,22.84413522,55,39,54,29.49
524,01-11-2018 15:20,2538.054036,24.78761394,55,39,54,29.52
525,01-11-2018 15:50,2900.236654,25.661974,54,39,58,29.52
526,01-11-2018 16:20,3200.727051,26.27774461,52,43,71,29.52
527,01-11-2018 16:50,3298.177327,27.02245831,50,45,82,29.52
528,01-11-2018 17:20,3124.711263,26.77582964,50,45,82,29.52
529,01-11-2018 17:50,2719.741292,25.00212915,50,45,82,29.52
530,01-11-2018 18:20,2705.824056,24.75620731,48,46,93,29.52
531,01-11-2018 18:50,2510.576335,23.68076908,48,46,93,29.52
532,01-11-2018 19:20,2306.469401,22.68960874,48,46,93,29.52
533,01-11-2018 19:50,1538.198039,19.31974449,48,46,93,29.55
534,01-11-2018 20:20,364.6562551,11.42804764,48,46,93,29.55
535,01-11-2018 20:50,76.0658048,7.203494946,48,46,93,29.55
536,01-11-2018 21:20,178.6273295,9.593291745,48,46,93,29.55
537,01-11-2018 21:50,150.6956355,9.846150045,48,46,93,29.55
538,01-11-2018 22:20,10.07936255,5.947661863,48,46,93,29.55
539,01-11-2018 22:50,18.29611969,6.757804603,48,46,93,29.55
540,01-11-2018 23:20,0,5.166450925,48,46,93,29.55
541,01-11-2018 23:50,121.1456369,9.695346914,48,46,93,29.55
542,01-12-2018 00:20,28.40413229,12.83959705,48,46,93,29.55
543,01-12-2018 00:50,0,9.425214655,48,46,93,29.55
544,01-12-2018 01:20,0,10.55317843,48,46,93,29.55
545,01-12-2018 01:50,0,12.02541524,48,46,93,29.58
546,01-12-2018 02:20,0,10.31085905,48,46,93,29.58
547,01-12-2018 02:50,0,9.739300613,48,43,87,30.05
548,01-12-2018 03:20,0,7.985034771,48,43,87,30.05
549,01-12-2018 03:50,0,7.306009312,48,46,93,29.58
550,01-12-2018 04:20,0,9.558912709,48,46,93,29.58
551,01-12-2018 04:50,0,10.6301014,48,46,93,29.58
552,01-12-2018 05:20,0,9.642992765,48,46,93,29.58
553,01-12-2018 05:50,0,8.957546391,48,46,93,29.61
554,01-12-2018 05:50,0,8.957546391,48,46,93,29.61
555,01-12-2018 06:20,0,8.967588959,46,46,100,29.61
556,01-12-2018 06:20,0,8.967588959,48,46,93,29.61
557,01-12-2018 06:50,0,11.54437893,48,46,93,29.61
558,01-12-2018 07:20,0,10.2850513,48,46,93,29.64
559,01-12-2018 07:50,0,10.07784411,48,46,93,29.64
560,01-12-2018 08:20,0,9.407822471,48,46,93,29.64
561,01-12-2018 08:50,0,10.03396508,48,46,93,29.64
562,01-12-2018 09:20,0,9.557597522,48,46,93,29.67
563,01-12-2018 09:50,0,8.555927787,48,46,93,29.67
564,01-12-2018 10:20,0,7.601272879,48,46,93,29.67
565,01-12-2018 10:50,4.730842908,7.164304402,48,46,93,29.7
566,01-12-2018 11:20,0,6.738141862,48,46,93,29.7
567,01-12-2018 11:50,0,5.077068699,50,48,94,29.67
568,01-12-2018 12:20,0,6.788833274,50,48,94,29.67
569,01-12-2018 12:50,0,5.867083459,50,46,87,29.67
570,01-12-2018 13:20,0,5.251561906,48,46,93,29.7
571,01-12-2018 13:50,0,6.14273922,48,46,93,29.7
572,01-12-2018 14:20,0,5.950788231,50,46,87,29.7
573,01-12-2018 14:50,0,4.987526208,48,46,93,29.7
574,01-12-2018 15:20,0,3.954744424,50,48,94,29.7
575,01-12-2018 15:50,0,4.927415957,50,48,94,29.7
576,01-12-2018 16:20,0,4.748538083,50,46,87,29.72
577,01-12-2018 16:50,0,5.612774153,50,46,87,29.72
578,01-12-2018 17:20,0,5.158254029,48,48,100,29.72
579,01-12-2018 17:50,0,4.216528947,48,46,93,29.72
580,01-12-2018 18:20,0,5.937559207,48,48,100,29.75
581,01-12-2018 18:50,0,5.128738233,48,46,93,29.75
582,01-12-2018 19:20,0,4.750606685,48,46,93,29.75
583,01-12-2018 19:50,0,3.41077354,48,46,93,29.75
584,01-12-2018 20:20,0,3.303551758,48,45,87,29.78
585,01-12-2018 20:50,0,2.527957432,46,45,93,29.78
586,01-12-2018 21:20,0,1.275198271,46,45,93,29.78
587,01-12-2018 21:50,0,3.57711634,46,45,93,29.81
588,01-12-2018 22:20,6.936973572,7.986568444,46,45,93,29.81
589,01-12-2018 22:50,39.71476618,8.438040244,46,45,93,29.81
590,01-12-2018 23:20,16.05664666,6.707282613,46,43,87,29.81
591,01-12-2018 23:50,74.89280923,8.30775051,45,43,93,29.81
592,13-01-2018 00:20,770.7206421,13.70569266,45,43,93,29.81
593,13-01-2018 00:50,633.1599731,13.10931776,45,41,87,29.81
594,13-01-2018 01:20,916.1604411,14.61160832,45,41,87,29.81
595,13-01-2018 01:50,910.1443685,14.4495221,45,43,93,29.81
596,13-01-2018 02:20,991.663208,14.67688696,45,43,93,29.81
597,13-01-2018 02:50,1251.619954,15.9595484,48,43,87,30.05
598,13-01-2018 03:20,1388.629028,16.53558963,48,43,87,30.05
599,13-01-2018 03:50,2098.674032,19.23920946,45,43,93,29.81
600,13-01-2018 04:20,2021.887695,18.6885518,45,43,93,29.81
601,13-01-2018 04:50,2547.297038,21.73089538,45,43,93,29.81
602,13-01-2018 05:20,2645.005697,22.45863075,45,43,93,29.81
603,13-01-2018 05:50,2658.271322,22.43381607,45,43,93,29.81
604,13-01-2018 05:50,2658.271322,22.43381607,45,41,87,29.81
605,13-01-2018 06:20,2745.01766,22.88247369,45,41,87,29.81
606,13-01-2018 06:20,2745.01766,22.88247369,45,41,87,29.81
607,13-01-2018 06:50,2686.210286,22.31971231,45,43,93,29.81
608,13-01-2018 07:20,2791.95638,22.70241858,45,43,93,29.81
609,13-01-2018 07:50,3332.144694,25.25205521,45,43,93,29.81
610,13-01-2018 08:20,3464.705729,26.51145252,45,43,93,29.81
611,13-01-2018 08:50,3295.728271,24.68754808,45,43,93,29.81
612,13-01-2018 09:20,3283.797038,25.74670206,45,43,93,29.81
613,13-01-2018 09:50,3403.6757,25.67337512,46,43,87,29.81
614,13-01-2018 10:20,3339.963053,25.60279166,46,43,87,29.81
615,13-01-2018 10:50,3465.847331,27.24881555,46,43,87,29.81
616,13-01-2018 11:20,3588.497721,30.77210727,46,43,87,29.81
617,13-01-2018 11:50,3522.442627,27.26750833,46,43,87,29.78
618,13-01-2018 12:20,3407.590332,25.97229768,46,43,87,29.78
619,13-01-2018 12:50,3574.286051,28.79363083,46,43,87,29.78
620,13-01-2018 13:20,3599.573649,30.19482799,46,43,87,29.75
621,13-01-2018 13:50,3600.996012,30.38251466,46,43,87,29.75
622,13-01-2018 14:20,3601.052979,30.8756696,46,43,87,29.75
623,13-01-2018 14:50,3603.130371,32.7773148,46,43,87,29.75
624,13-01-2018 15:20,3392.44873,26.46801117,45,41,87,29.75
625,13-01-2018 15:50,3554.815023,29.92637199,45,41,87,29.75
626,13-01-2018 16:20,3462.655355,27.11112375,45,41,87,29.75
627,13-01-2018 16:50,3330.923991,26.59464387,45,41,87,29.75
628,13-01-2018 17:20,3587.616374,30.13869558,43,41,93,29.75
629,13-01-2018 17:50,3517.166748,28.03589682,43,41,93,29.75
630,13-01-2018 18:20,3568.126302,29.53640606,43,41,93,29.75
631,13-01-2018 18:50,3587.934326,30.77763964,43,41,93,29.75
632,13-01-2018 19:20,3534.398275,29.09842854,43,41,93,29.78
633,13-01-2018 19:50,3508.970378,28.68576558,43,41,93,29.75
634,13-01-2018 20:20,3446.873372,28.88092383,43,41,93,29.75
635,13-01-2018 20:50,3027.025065,28.23829553,43,39,87,29.75
636,13-01-2018 21:20,1932.600993,26.23361706,41,39,93,29.75
637,13-01-2018 21:50,1788.224325,29.45366199,41,39,93,29.75
638,13-01-2018 22:20,572.4331055,30.91171476,41,39,93,29.75
639,13-01-2018 22:50,362.1294047,28.15388818,41,39,93,29.75
640,13-01-2018 23:20,360.0226644,30.53077133,41,39,93,29.78
641,13-01-2018 23:50,378.6670329,31.95494853,41,39,93,29.75
642,14-01-2018 00:20,401.8909403,35.70561222,41,39,93,29.75
643,14-01-2018 00:50,834.1925659,35.77608903,41,39,93,29.75
644,14-01-2018 01:20,1192.266357,36.08141723,41,37,87,29.75
645,14-01-2018 01:50,531.0923462,32.75964315,41,37,87,29.75
646,14-01-2018 02:20,808.6948954,34.81094659,41,37,87,29.75
647,14-01-2018 02:50,922.285909,35.16354896,48,43,87,30.05
648,14-01-2018 03:20,937.8375651,34.72508575,48,43,87,30.05
649,14-01-2018 03:50,682.2788391,30.88763039,41,37,87,29.75
650,14-01-2018 04:20,867.8178507,32.6031839,41,37,87,29.75
651,14-01-2018 04:50,863.3834432,32.29136902,41,37,87,29.78
652,14-01-2018 05:20,620.5128988,32.71867004,41,37,87,29.78
653,14-01-2018 05:50,426.6090698,31.03558129,41,37,87,29.78
654,14-01-2018 05:50,426.6090698,31.03558129,39,37,93,29.78
655,14-01-2018 06:20,549.1763814,33.48765514,39,37,93,29.78
656,14-01-2018 06:20,549.1763814,33.48765514,39,37,93,29.81
657,14-01-2018 06:50,538.2801717,35.26225662,39,37,93,29.81
658,14-01-2018 07:20,414.6469421,33.36400482,39,36,87,29.81
659,14-01-2018 07:50,343.1513672,29.18884612,39,36,87,29.84
660,14-01-2018 08:20,342.8105062,29.77118844,39,36,87,29.84
661,14-01-2018 08:50,114.6928813,22.29076611,39,36,87,29.84
662,14-01-2018 09:20,0,20.06401268,39,36,87,29.87
663,14-01-2018 09:50,0,18.58318431,39,36,87,29.87
664,14-01-2018 10:20,0,18.74198558,39,36,87,29.87
665,14-01-2018 10:50,0,20.51266459,39,37,93,29.87
666,14-01-2018 11:20,0,17.08202903,39,36,87,29.87
667,14-01-2018 11:50,0,18.86857206,39,36,87,29.87
668,14-01-2018 12:20,0,19.7054228,39,36,87,29.87
669,14-01-2018 12:50,0,19.23516968,39,36,87,29.87
670,14-01-2018 13:20,0,19.37778942,39,36,87,29.87
671,14-01-2018 13:50,0,20.90508596,39,36,87,29.87
672,14-01-2018 14:20,0,17.72784379,39,36,87,29.9
673,14-01-2018 14:50,0,17.75218631,39,34,81,29.9
674,14-01-2018 15:20,0,16.48644772,39,34,81,29.9
675,14-01-2018 15:50,0,14.87846043,39,34,81,29.93
676,14-01-2018 16:20,0,16.00697762,39,34,81,29.93
677,14-01-2018 16:50,0,15.34169496,39,36,87,29.93
678,14-01-2018 17:20,0,16.85422186,39,32,75,29.96
679,14-01-2018 17:50,0,18.9706027,39,34,81,29.96
680,14-01-2018 18:20,0,14.38261574,39,32,75,29.96
681,14-01-2018 18:50,0,13.9380932,37,34,87,29.99
682,14-01-2018 19:20,0,14.90391405,39,32,75,29.99
683,14-01-2018 19:50,0,12.58990103,37,34,87,29.99
684,14-01-2018 20:20,0,12.91704695,37,34,87,29.99
685,14-01-2018 20:50,0,12.50048289,39,30,70,29.99
686,14-01-2018 21:20,0,12.96179708,39,30,70,30.02
687,14-01-2018 21:50,0,14.4177425,37,30,75,30.02
688,14-01-2018 22:20,0,16.73664649,37,32,81,30.02
689,14-01-2018 22:50,0,15.88565615,37,30,75,30.02
690,14-01-2018 23:20,0,15.41006193,37,32,81,30.02
691,14-01-2018 23:50,0,17.45405344,36,30,81,30.05
692,15-01-2018 00:20,0,16.6343659,36,30,81,30.05
693,15-01-2018 00:50,0,16.39524862,36,30,81,30.05
694,15-01-2018 01:20,0,17.99887009,36,30,81,30.05
695,15-01-2018 01:50,0,16.67654433,36,30,81,30.05
696,15-01-2018 02:20,0,16.04096306,36,30,81,30.05
697,15-01-2018 02:50,0,15.03923324,48,43,87,30.05
698,15-01-2018 03:20,0,14.60849119,48,43,87,30.05
699,15-01-2018 03:50,0,14.27553377,36,30,81,30.05
700,15-01-2018 04:20,0,14.52905126,36,32,87,30.05
701,15-01-2018 04:50,0,13.89569966,36,32,87,30.05
702,15-01-2018 05:20,0,11.19903799,36,32,87,30.05
703,15-01-2018 05:50,0,9.471370464,36,32,87,30.05
704,15-01-2018 05:50,0,9.471370464,36,32,87,30.05
705,15-01-2018 06:20,0,9.699122522,36,30,81,30.05
706,15-01-2018 06:20,0,9.699122522,36,32,87,30.05
707,15-01-2018 06:50,0,6.846832699,36,32,87,30.05
708,15-01-2018 07:20,0,5.196849201,36,32,87,30.05
709,15-01-2018 07:50,0,6.805435064,37,32,81,30.05
710,15-01-2018 08:20,0,6.693228708,37,32,81,30.05
711,15-01-2018 08:50,0,8.29859238,37,32,81,30.07
712,15-01-2018 09:20,0,6.556243751,37,32,81,30.07
713,15-01-2018 09:50,0,5.737574341,39,32,75,30.07
714,15-01-2018 10:20,0,3.963592871,39,32,75,30.07
715,15-01-2018 10:50,0,4.40942926,41,32,70,30.07
716,15-01-2018 11:20,0,3.816628282,41,32,70,30.05
717,15-01-2018 11:50,0,8.161686354,41,28,61,30.05
718,15-01-2018 12:20,0,6.264639171,43,25,49,30.05
719,15-01-2018 12:50,0,5.991950224,43,25,49,30.05
720,15-01-2018 13:20,0,5.528911961,45,27,49,30.02
721,15-01-2018 13:50,0,1.34190639,43,28,57,30.02
722,15-01-2018 14:20,0,4.981606443,43,28,57,30.02
723,15-01-2018 14:50,0,3.900310653,43,30,61,30.02
724,15-01-2018 15:20,0,4.201679493,45,30,57,29.99
725,15-01-2018 15:50,0,5.720009893,43,30,61,30.02
726,15-01-2018 16:20,1.373799493,7.861830478,43,30,61,30.02
727,15-01-2018 16:50,0,7.720365922,43,30,61,29.99
728,15-01-2018 17:20,193.7834787,10.72078459,41,30,65,29.99
729,15-01-2018 17:50,629.8151855,14.06771076,41,30,65,29.99
730,15-01-2018 18:20,909.1165568,15.56561559,39,30,70,29.99
731,15-01-2018 18:50,1200.835673,16.59107922,39,30,70,29.99
732,15-01-2018 19:20,1120.734823,15.20620865,37,30,75,29.99
733,15-01-2018 19:50,1821.084676,17.95738961,37,30,75,29.99
734,15-01-2018 20:20,2514.829997,21.24219338,39,30,70,29.99
735,15-01-2018 20:50,2376.167318,20.54513574,39,30,70,29.99
736,15-01-2018 21:20,2403.921712,20.42047991,39,30,70,29.99
737,15-01-2018 21:50,1437.98466,15.91660447,39,30,70,29.96
738,15-01-2018 22:20,1986.852661,18.75410848,39,30,70,29.96
739,15-01-2018 22:50,2431.627604,20.81730229,39,30,70,29.96
740,15-01-2018 23:20,2987.459391,22.79280346,39,30,70,29.96
741,15-01-2018 23:50,3601.709391,26.52949751,39,32,75,29.96
742,16-01-2018 00:20,992.2764893,27.29596174,39,32,75,29.93
743,16-01-2018 00:50,2846.222331,27.04273331,37,32,81,29.93
744,16-01-2018 01:20,1987.163656,27.28922119,39,32,75,29.93
745,16-01-2018 01:50,862.2410736,29.33412043,39,32,75,29.9
746,16-01-2018 02:20,0,28.49414154,39,32,75,29.9
747,16-01-2018 02:50,0,28.3948138,48,43,87,30.05
748,16-01-2018 03:20,0,29.89940975,48,43,87,30.05
749,16-01-2018 03:50,0,33.0081975,37,32,81,29.9
750,16-01-2018 04:20,0,32.08800178,39,32,75,29.87
751,16-01-2018 04:50,0,32.14436534,39,32,75,29.87
752,16-01-2018 05:20,0,32.4784221,37,32,81,29.84
753,16-01-2018 05:50,0,34.78974145,39,32,75,29.84
754,16-01-2018 05:50,0,34.78974145,37,32,81,29.81
755,16-01-2018 06:20,0,33.08109206,39,32,75,29.84
756,16-01-2018 06:20,0,33.08109206,41,32,70,29.81
757,16-01-2018 06:50,0,32.66650487,39,32,75,29.81
758,16-01-2018 07:20,0,35.02752115,39,32,75,29.78
759,16-01-2018 07:50,0,35.78568611,39,32,75,29.78
760,16-01-2018 08:20,0,34.13164807,41,34,76,29.78
761,16-01-2018 08:50,0,33.20961842,43,34,70,29.78
762,16-01-2018 09:20,0,32.46038566,45,36,71,29.78
763,16-01-2018 09:50,0,32.61867884,45,37,76,29.78
764,16-01-2018 10:20,0,30.92074437,45,39,81,29.78
765,16-01-2018 10:50,2395.944995,28.87858927,45,41,87,29.75
766,16-01-2018 11:20,3597.859701,29.61049457,46,41,81,29.75
767,16-01-2018 11:50,3593.875326,29.75554416,46,39,76,29.75
768,16-01-2018 12:20,3603.271973,32.31080065,46,41,81,29.72
769,16-01-2018 12:50,3599.118978,29.36429612,46,41,81,29.7
770,16-01-2018 13:20,3466.560954,27.37572344,46,41,81,29.7
771,16-01-2018 13:50,3466.431722,27.41498279,48,41,76,29.67
772,16-01-2018 14:20,3492.768066,27.34346705,46,43,87,29.67
773,16-01-2018 14:50,2923.515706,24.31054204,46,43,87,29.67
774,16-01-2018 15:20,2847.056966,24.24222627,46,43,87,29.67
775,16-01-2018 15:50,2830.150065,23.57115096,46,45,93,29.64
776,16-01-2018 16:20,2952.837402,23.813673,48,43,82,29.64
777,16-01-2018 16:50,2920.078939,23.84648832,48,43,82,29.64
778,16-01-2018 17:20,3310.815999,25.61801142,48,43,82,29.64
779,16-01-2018 17:50,3443.020996,26.10048913,48,43,82,29.64
780,16-01-2018 18:20,3422.04362,26.16984879,48,43,82,29.64
781,16-01-2018 18:50,3582.81071,28.66206876,48,43,82,29.64
782,16-01-2018 19:20,3444.664307,30.44721377,48,43,82,29.61
783,16-01-2018 19:50,3450.090739,31.19229367,48,43,82,29.61
784,16-01-2018 20:20,3438.56901,30.51073597,48,41,76,29.61
785,16-01-2018 20:50,3381.438639,31.55546164,48,41,76,29.61
786,16-01-2018 21:20,3387.097982,30.26780433,48,41,76,29.58
787,16-01-2018 21:50,3505.256673,30.45594541,48,43,82,29.58
788,16-01-2018 22:20,3523.031413,30.09423237,48,43,82,29.58
789,16-01-2018 22:50,3428.304606,32.63665628,48,41,76,29.55
790,16-01-2018 23:20,3436.555664,32.56958495,48,41,76,29.58
791,16-01-2018 23:50,3476.590983,30.63260357,48,41,76,29.55
792,17-01-2018 00:20,3596.430339,30.23383134,48,41,76,29.55
793,17-01-2018 00:50,3577.907389,30.07628482,48,41,76,29.55
794,17-01-2018 01:20,3401.443685,33.38184072,48,41,76,29.55
795,17-01-2018 01:50,3424.721354,31.63408984,48,41,76,29.55
796,17-01-2018 02:20,3571.955078,29.29101399,48,43,82,29.55
797,17-01-2018 02:50,3601.597656,28.48861625,48,43,87,30.05
798,17-01-2018 03:20,3585.102376,28.40963037,48,43,87,30.05
799,17-01-2018 03:50,3548.201986,28.74738561,48,41,76,29.52
800,17-01-2018 04:20,3596.190674,29.3196324,50,43,76,29.52
801,17-01-2018 04:50,3455.524007,31.27695418,50,43,76,29.49
802,17-01-2018 05:20,2985.671997,29.79431854,50,43,76,29.49
803,17-01-2018 05:50,0,29.39632213,50,41,71,29.49
804,17-01-2018 05:50,0,29.39632213,50,41,71,29.49
805,17-01-2018 06:20,0,31.52452434,48,41,76,29.49
806,17-01-2018 06:20,0,31.52452434,48,41,76,29.49
807,17-01-2018 06:50,2904.361654,30.25608961,48,41,76,29.46
808,17-01-2018 07:20,3551.213379,31.96324073,48,41,76,29.46
809,17-01-2018 07:50,3555.385986,33.24037581,48,41,76,29.46
810,17-01-2018 08:20,2775.016032,31.55332834,50,41,71,29.46
811,17-01-2018 08:50,3569.045003,31.71262844,50,41,71,29.46
812,17-01-2018 09:20,3583.333333,30.62103888,50,41,71,29.46
813,17-01-2018 09:50,3554.146077,30.08036299,50,41,71,29.46
814,17-01-2018 10:20,3462.094971,29.56637484,54,43,67,29.46
815,17-01-2018 10:50,3543.592692,32.84627199,55,43,63,29.46
816,17-01-2018 11:20,3559.70402,31.46231555,55,43,63,29.43
817,17-01-2018 11:50,3561.618978,31.93805909,55,43,63,29.43
818,17-01-2018 12:20,3463.211995,27.39838348,55,45,67,29.43
819,17-01-2018 12:50,2663.953288,22.33431555,57,45,63,29.4
820,17-01-2018 13:20,3442.785645,27.75987395,57,43,59,29.37
821,17-01-2018 13:50,3489.061361,29.48940778,57,43,59,29.37
822,17-01-2018 14:20,3443.036947,27.40156141,57,43,59,29.34
823,17-01-2018 14:50,3467.875651,27.31361135,59,43,55,29.34
824,17-01-2018 15:20,3477.374023,33.63139417,57,43,59,29.32
825,17-01-2018 15:50,3489.572673,33.03225912,57,43,59,29.32
826,17-01-2018 16:20,3502.763346,31.09908786,57,41,55,29.29
827,17-01-2018 16:50,3465.881022,28.4743892,57,41,55,29.29
828,17-01-2018 17:20,3451.619954,28.81951218,55,41,58,29.26
829,17-01-2018 17:50,3477.037028,30.21477376,55,41,58,29.26
830,17-01-2018 18:20,3499.517578,36.73075693,55,41,58,29.23
831,17-01-2018 18:50,3461.109945,41.76756255,55,43,63,29.23
832,17-01-2018 19:20,3460.540283,42.93277627,54,45,72,29.23
833,17-01-2018 19:50,3461.020752,41.0772725,52,43,71,29.2
834,17-01-2018 20:20,3460.804036,40.44146011,54,43,67,29.2
835,17-01-2018 20:50,3461.329671,43.52250056,52,45,76,29.17
836,17-01-2018 21:20,3460.755046,46.41733983,52,45,76,29.17
837,17-01-2018 21:50,3460.937012,46.52119375,52,45,76,29.14
838,17-01-2018 22:20,3460.927979,46.16352972,52,45,76,29.14
839,17-01-2018 22:50,3461.240316,43.30360994,52,45,76,29.11
840,17-01-2018 23:20,3460.751383,41.34267787,54,43,67,29.08
841,17-01-2018 23:50,3460.895264,42.06295803,54,43,67,29.08
842,18-01-2018 00:20,3460.756348,39.6579557,54,43,67,29.05
843,18-01-2018 00:50,3461.008382,37.2926166,54,43,67,29.05
844,18-01-2018 01:20,3460.777669,43.50525487,55,43,63,29.02
845,18-01-2018 01:50,3460.771647,46.65442621,59,43,55,28.99
846,18-01-2018 02:20,3460.875326,44.79030953,57,43,59,28.99
847,18-01-2018 02:50,3538.221273,38.72717877,48,43,87,30.05
848,18-01-2018 03:20,3583.717041,42.52179082,48,43,87,30.05
849,18-01-2018 03:50,3530.213216,30.06530109,55,43,63,28.97
850,18-01-2018 04:20,3152.710693,26.11440258,55,45,67,28.97
851,18-01-2018 04:50,2175.237345,20.61553149,55,45,67,28.94
852,18-01-2018 05:20,991.7268677,14.87303968,55,45,67,28.91
853,18-01-2018 05:50,613.7401632,12.77119453,55,45,67,28.91
854,18-01-2018 05:50,613.7401632,12.77119453,52,48,88,28.91
855,18-01-2018 06:20,1282.992167,15.68600764,55,46,72,28.88
856,18-01-2018 06:20,1282.992167,15.68600764,48,46,93,28.91
857,18-01-2018 06:50,3382.408285,29.37134955,46,41,81,28.94
858,18-01-2018 07:20,3150.607015,29.64483878,43,39,87,28.97
859,18-01-2018 07:50,2719.38501,24.8359548,43,37,81,28.97
860,18-01-2018 08:20,2076.648397,20.55758575,43,36,76,28.99
861,18-01-2018 08:50,2642.480632,26.48000038,43,37,81,29.02
862,18-01-2018 09:20,2689.296956,27.15493771,43,37,81,29.05
863,18-01-2018 09:50,2721.037028,28.29097482,41,36,81,29.08
864,18-01-2018 10:20,2900.497721,30.12321555,41,36,81,29.11
865,18-01-2018 10:50,2060.293945,28.08220179,41,36,81,29.14
866,18-01-2018 11:20,0,23.99834745,41,36,81,29.17
867,18-01-2018 11:50,565.7019857,21.67939367,41,36,81,29.2
868,18-01-2018 12:20,1473.955973,17.31971912,41,36,81,29.2
869,18-01-2018 12:50,1391.430054,18.77465157,39,34,81,29.23
870,18-01-2018 13:20,280.2280827,17.38802955,39,34,81,29.23
871,18-01-2018 13:50,664.0410156,22.1046716,39,34,81,29.23
872,18-01-2018 14:20,0,18.60234856,39,34,81,29.26
873,18-01-2018 14:50,0,17.56034145,39,36,87,29.29
874,18-01-2018 15:20,1480.148254,22.84452632,39,36,87,29.32
875,18-01-2018 15:50,2040.266317,20.13242444,39,36,87,29.34
876,18-01-2018 16:20,1989.674683,18.88435502,39,36,87,29.37
877,18-01-2018 16:50,2696.294027,23.22873799,39,36,87,29.37
878,18-01-2018 17:20,2853.302327,25.2492364,39,36,87,29.4
879,18-01-2018 17:50,2837.161051,24.93415685,41,36,81,29.4
880,18-01-2018 18:20,2754.916341,23.37564285,41,34,76,29.43
881,18-01-2018 18:50,1943.545654,23.39290418,43,34,70,29.43
882,18-01-2018 19:20,3488.782715,28.14889198,41,34,76,29.46
883,18-01-2018 19:50,3570.969727,29.39088643,43,32,66,29.46
884,18-01-2018 20:20,3417.575277,28.99508947,43,32,66,29.46
885,18-01-2018 20:50,3508.903971,28.78505563,43,32,66,29.49
886,18-01-2018 21:20,3488.242025,25.90069377,41,30,65,29.49
887,18-01-2018 21:50,3012.431315,23.58360452,41,30,65,29.52
888,18-01-2018 22:20,2558.758382,22.36842152,41,28,61,29.52
889,18-01-2018 22:50,1892.570028,18.96971666,41,28,61,29.52
890,18-01-2018 23:20,2105.588013,19.39707385,39,28,65,29.55
891,18-01-2018 23:50,2057.493286,18.90199964,39,28,65,29.55
892,19-01-2018 00:20,2108.841024,19.38608232,39,28,65,29.55
893,19-01-2018 00:50,2301.192952,20.80630151,39,28,65,29.55
894,19-01-2018 01:20,2134.741007,19.93216047,39,28,65,29.55
895,19-01-2018 01:50,2436.787354,21.16146031,39,28,65,29.55
896,19-01-2018 02:20,2163.10734,19.54343365,39,28,65,29.58
897,19-01-2018 02:50,2108.952962,18.75572411,48,43,87,30.05
898,19-01-2018 03:20,1842.0507,17.86296601,48,43,87,30.05
899,19-01-2018 03:50,1643.430623,17.43756186,39,28,65,29.58
900,19-01-2018 04:20,1279.641683,15.96595296,39,28,65,29.58
901,19-01-2018 04:50,1590.164347,16.97859005,37,28,70,29.58
902,19-01-2018 05:20,1266.15918,15.69879578,37,28,70,29.58
903,19-01-2018 05:50,451.0084635,11.59175908,37,27,65,29.58
904,19-01-2018 05:50,451.0084635,11.59175908,37,28,70,29.61
905,19-01-2018 06:20,730.5876872,13.16056987,37,28,70,29.58
906,19-01-2018 06:20,730.5876872,13.16056987,36,28,75,29.61
907,19-01-2018 06:50,1145.154663,15.47036888,36,28,75,29.61
908,19-01-2018 07:20,1481.083374,17.00223355,34,27,75,29.61
909,19-01-2018 07:50,2022.802327,19.66430143,36,28,75,29.64
910,19-01-2018 08:20,1708.937703,18.23151099,39,28,65,29.64
911,19-01-2018 08:50,2317.645345,21.2947653,43,28,57,29.64
912,19-01-2018 09:20,2483.032959,21.85156192,43,30,61,29.64
913,19-01-2018 09:50,2249.279948,20.59010952,45,28,53,29.64
914,19-01-2018 10:20,1662.873983,18.30953048,45,27,49,29.64
915,19-01-2018 10:50,1376.091309,16.96754234,46,27,46,29.64
916,19-01-2018 11:20,1504.536987,17.8143656,46,27,46,29.67
917,19-01-2018 11:50,1423.997681,17.25629752,46,27,46,29.67
918,19-01-2018 12:20,1097.578613,15.87595385,46,25,43,29.67
919,19-01-2018 12:50,1487.997253,18.28304577,48,27,43,29.67
920,19-01-2018 13:20,2350.07902,21.66979306,48,25,40,29.67
921,19-01-2018 13:50,2229.690999,20.87318654,48,25,40,29.67
922,19-01-2018 14:20,2565.118978,22.9333098,50,28,43,29.67
923,19-01-2018 14:50,2883.465658,24.17804771,50,27,40,29.67
924,19-01-2018 15:20,3267.037272,26.08583684,50,27,40,29.67
925,19-01-2018 15:50,3525.09904,27.82194125,50,27,40,29.67
926,19-01-2018 16:20,2925.003255,24.7407728,50,28,43,29.67
927,19-01-2018 16:50,2754.901286,23.97200388,50,28,43,29.7
928,19-01-2018 17:20,2914.889974,24.42206804,48,28,46,29.7
929,19-01-2018 17:50,3119.287028,25.36238159,46,28,50,29.7
930,19-01-2018 18:20,3517.476644,28.18122374,46,30,53,29.7
931,19-01-2018 18:50,3544.395996,27.78726924,45,30,57,29.7
932,19-01-2018 19:20,3602.573649,29.2606072,45,32,61,29.67
933,19-01-2018 19:50,3575.47404,27.69821626,45,28,53,29.67
934,19-01-2018 20:20,3545.043376,28.71399572,45,30,57,29.67
935,19-01-2018 20:50,3588.479004,29.4529317,45,28,53,29.67
936,19-01-2018 21:20,3596.187988,31.682937,45,28,53,29.67
937,19-01-2018 21:50,3568.603027,30.69029544,43,27,53,29.7
938,19-01-2018 22:20,3589.411947,30.99023844,43,28,57,29.67
939,19-01-2018 22:50,3604.291341,33.49966782,41,28,61,29.7
940,19-01-2018 23:20,3604.234294,35.4443668,41,28,61,29.67
941,19-01-2018 23:50,3604.183675,31.34031996,39,28,65,29.67
942,20-01-2018 00:20,3603.993978,36.96691673,39,28,65,29.67
943,20-01-2018 00:50,3603.885091,36.80090735,39,28,65,29.67
944,20-01-2018 01:20,3604.123698,36.19803687,39,30,70,29.67
945,20-01-2018 01:50,3604.155029,33.97732142,41,30,65,29.67
946,20-01-2018 02:20,3604.256673,32.78113272,41,30,65,29.67
947,20-01-2018 02:50,3604.240072,32.45716437,48,43,87,30.05
948,20-01-2018 03:20,3604.317383,32.93606381,48,43,87,30.05
949,20-01-2018 03:50,3604.100586,35.22644399,39,28,65,29.67
950,20-01-2018 04:20,3604.095622,35.35474067,39,30,70,29.67
951,20-01-2018 04:50,3604.29598,34.84869909,37,28,70,29.67
952,20-01-2018 05:20,3603.420329,41.57840603,39,28,65,29.67
953,20-01-2018 05:50,3603.22998,45.1175198,43,27,53,29.67
954,20-01-2018 05:50,3603.22998,45.1175198,43,23,46,29.67
955,20-01-2018 06:20,3603.206299,42.65565616,43,23,46,29.67
956,20-01-2018 06:20,3603.206299,42.65565616,43,25,49,29.64
957,20-01-2018 06:50,3600.254964,43.18320864,43,25,49,29.67
958,20-01-2018 07:20,3476.52832,41.09133529,43,23,46,29.64
959,20-01-2018 07:50,3461.447591,40.57176994,43,23,46,29.64
960,20-01-2018 08:20,3461.478353,37.80261548,45,23,43,29.64
961,20-01-2018 08:50,3463.380697,35.44421818,45,25,46,29.67
962,20-01-2018 09:20,3461.251058,35.67562141,46,25,43,29.64
963,20-01-2018 09:50,3464.535319,37.45529517,48,27,43,29.64
964,20-01-2018 10:20,3460.948975,35.00440529,50,27,40,29.64
965,20-01-2018 10:50,3462.402995,32.54554607,50,27,40,29.64
966,20-01-2018 11:20,3446.634603,30.58582929,52,28,41,29.64
967,20-01-2018 11:50,3459.927327,33.92080144,52,32,47,29.64
968,20-01-2018 12:20,3475.838298,32.8866122,54,30,41,29.64
969,20-01-2018 12:50,3274.444417,27.7127633,54,30,41,29.61
970,20-01-2018 13:20,3461.975993,27.7338504,54,32,44,29.61
971,20-01-2018 13:50,3285.083984,26.09701395,55,34,44,29.61
972,20-01-2018 14:20,3379.198649,30.02695978,57,36,44,29.58
973,20-01-2018 14:50,3461.999023,35.25171448,57,37,48,29.58
974,20-01-2018 15:20,3461.409017,39.09239898,55,37,51,29.58
975,20-01-2018 15:50,3461.310303,42.37065419,55,36,47,29.58
976,20-01-2018 16:20,3461.383708,40.89361991,55,36,47,29.58
977,20-01-2018 16:50,3461.401611,35.51679062,55,36,47,29.58
978,20-01-2018 17:20,3460.969645,38.7556656,55,36,47,29.55
979,20-01-2018 17:50,3461.226969,38.5874397,54,34,47,29.55
980,20-01-2018 18:20,3461.318929,39.21104386,54,36,51,29.55
981,20-01-2018 18:50,3461.209961,37.19448922,55,34,44,29.55
982,20-01-2018 19:20,3461.603027,36.78783583,55,36,47,29.55
983,20-01-2018 19:50,3461.321615,38.44637088,54,36,51,29.55
984,20-01-2018 20:20,3461.327311,37.37949787,54,37,54,29.52
985,20-01-2018 20:50,3461.062419,38.52964402,54,36,51,29.52
986,20-01-2018 21:20,3461.161621,40.71724334,54,36,51,29.52
987,20-01-2018 21:50,3460.98763,42.46417434,54,39,58,29.52
988,20-01-2018 22:20,3461.237712,42.15844651,54,39,58,29.49
989,20-01-2018 22:50,3460.979329,44.65004567,54,41,62,29.49
990,20-01-2018 23:20,3460.92863,44.32678487,54,39,58,29.49
991,20-01-2018 23:50,3461.07666,46.91193547,54,41,62,29.49
992,21-01-2018 00:20,3460.697998,49.08212413,55,43,63,29.49
993,21-01-2018 00:50,3256.197428,35.27758872,55,45,67,29.49
994,21-01-2018 01:20,1964.111694,19.34764857,55,46,72,29.49
995,21-01-2018 01:50,2440.821045,21.63599997,55,46,72,29.49
996,21-01-2018 02:20,3516.316406,29.29330377,55,46,72,29.49
997,21-01-2018 02:50,3348.448405,26.58795524,48,43,87,30.05
998,21-01-2018 03:20,3110.315918,24.86351363,48,43,87,30.05
999,21-01-2018 03:50,3419.733643,28.06857845,55,46,72,29.49
1000,21-01-2018 04:20,3551.079346,28.28820934,46,41,81,29.55
1001,21-01-2018 04:50,3599.943034,30.10008618,43,39,87,29.58
1002,21-01-2018 05:20,3574.710612,29.76174144,43,41,93,29.58
1003,21-01-2018 05:50,3512.946696,30.14308734,43,41,93,29.58
1004,21-01-2018 05:50,3512.946696,30.14308734,41,39,93,29.61
1005,21-01-2018 06:20,3017.387939,24.51270892,41,39,93,29.61
1006,21-01-2018 06:20,3017.387939,24.51270892,41,41,100,29.61
1007,21-01-2018 06:50,2476.014323,22.0009528,41,39,93,29.61
1008,21-01-2018 07:20,2306.295003,21.23575291,43,41,93,29.61
1009,21-01-2018 07:50,2228.686971,20.09331159,43,41,93,29.61
1010,21-01-2018 08:20,2900.246989,23.30510985,43,41,93,29.61
1011,21-01-2018 08:50,2973.444743,24.42865999,43,41,93,29.61
1012,21-01-2018 09:20,3139.554688,24.41245676,43,41,93,29.61
1013,21-01-2018 09:50,3442.682617,29.06926687,45,41,87,29.61
1014,21-01-2018 10:20,3473.803304,31.99669817,45,41,87,29.61
1015,21-01-2018 10:50,3474.648356,31.13228431,45,41,87,29.61
1016,21-01-2018 11:20,3479.27002,30.62448419,45,43,93,29.58
1017,21-01-2018 11:50,3448.567708,26.86659639,45,43,93,29.55
1018,21-01-2018 12:20,3506.135661,29.3834227,45,43,93,29.55
1019,21-01-2018 12:50,3491.141683,33.60762266,45,43,93,29.52
1020,21-01-2018 13:20,3597.636719,30.42706677,46,43,87,29.52
1021,21-01-2018 13:50,3577.128418,32.38979508,46,45,93,29.52
1022,21-01-2018 14:20,3501.698324,32.68242365,46,45,93,29.49
1023,21-01-2018 14:50,3468.305664,33.12635951,46,45,93,29.46
1024,21-01-2018 15:20,3474.703044,32.01641993,46,46,100,29.46
1025,21-01-2018 15:50,3580.232015,30.26791598,48,46,93,29.46
1026,21-01-2018 16:20,3488.3243,30.93821547,48,46,93,29.43
1027,21-01-2018 16:50,3550.783366,28.74270298,48,46,93,29.43
1028,21-01-2018 17:20,3478.190999,26.82912051,50,46,87,29.4
1029,21-01-2018 17:50,3129.850423,24.74863974,50,46,87,29.4
1030,21-01-2018 18:20,3303.174642,26.05071681,50,46,87,29.37
1031,21-01-2018 18:50,3276.407959,25.66205578,50,46,87,29.37
1032,21-01-2018 19:20,3016.764648,24.66771396,50,46,87,29.37
1033,21-01-2018 19:50,3062.975667,24.58462714,50,46,87,29.34
1034,21-01-2018 20:20,2613.599691,22.68867151,50,45,82,29.34
1035,21-01-2018 20:50,1981.461344,20.26194139,50,45,82,29.32
1036,21-01-2018 21:20,2013.400024,20.54363886,50,45,82,29.32
1037,21-01-2018 21:50,2871.776042,23.95160229,50,45,82,29.32
1038,21-01-2018 22:20,3167.128337,25.28373064,50,45,82,29.29
1039,21-01-2018 22:50,3497.47168,27.49178416,50,45,82,29.29
1040,21-01-2018 23:20,3376.493327,26.22079941,50,45,82,29.29
1041,21-01-2018 23:50,2467.780314,22.03682942,50,45,82,29.26
1042,22-01-2018 00:20,1595.167358,18.3790505,48,45,87,29.26
1043,22-01-2018 00:50,1186.491333,16.28080496,50,43,76,29.23
1044,22-01-2018 01:20,984.764506,15.20434414,50,43,76,29.2
1045,22-01-2018 01:50,326.8583171,11.03839158,48,43,82,29.2
1046,22-01-2018 02:20,15.01384766,6.603951724,50,43,76,29.2
1047,22-01-2018 02:50,0,3.703972152,48,43,87,30.05
1048,22-01-2018 03:20,0,7.059273351,48,43,87,30.05
1049,22-01-2018 03:50,54.70408503,7.222814579,54,43,67,29.2
1050,22-01-2018 04:20,134.7602285,7.991210175,52,43,71,29.2
1051,22-01-2018 04:50,239.5910034,9.645142256,46,43,87,29.2
1052,22-01-2018 05:20,548.6756948,12.74981909,46,43,87,29.17
1053,22-01-2018 05:50,261.4844666,10.35688686,46,43,87,29.17
1054,22-01-2018 05:50,261.4844666,10.35688686,46,43,87,29.17
1055,22-01-2018 06:20,222.3140106,10.04308001,46,43,87,29.17
1056,22-01-2018 06:20,222.3140106,10.04308001,45,43,93,29.17
1057,22-01-2018 06:50,368.2473653,11.54755259,46,45,93,29.17
1058,22-01-2018 07:20,103.9862378,8.497587564,46,45,93,29.17
1059,22-01-2018 07:50,314.2205213,10.60502289,46,45,93,29.17
1060,22-01-2018 08:20,187.5170898,9.96510069,46,45,93,29.17
1061,22-01-2018 08:50,111.7944412,8.758260719,48,45,87,29.17
1062,22-01-2018 09:20,290.364268,10.89204939,48,45,87,29.17
1063,22-01-2018 09:50,143.9077657,9.025964203,48,45,87,29.17
1064,22-01-2018 10:20,723.9707438,13.33559961,50,46,87,29.17
1065,22-01-2018 10:50,997.8485514,15.51068493,50,46,87,29.17
1066,22-01-2018 11:20,771.3288167,14.38378586,48,46,93,29.2
1067,22-01-2018 11:50,1158.463277,16.32312951,50,46,87,29.2
1068,22-01-2018 12:20,1316.264323,16.09179705,48,46,93,29.17
1069,22-01-2018 12:50,1396.689006,15.4825917,46,43,87,29.17
1070,22-01-2018 13:20,1460.668335,16.53578199,45,41,87,29.2
1071,22-01-2018 13:50,1499.482951,16.87237386,45,41,87,29.2
1072,22-01-2018 14:20,1326.381999,15.79416764,43,41,93,29.2
1073,22-01-2018 14:50,674.3240763,13.01001172,43,41,93,29.2
1074,22-01-2018 15:20,1249.56484,15.73682456,43,41,93,29.23
1075,22-01-2018 15:50,2804.08667,23.1170406,45,41,87,29.26
1076,22-01-2018 16:20,2916.010661,23.58179121,45,41,87,29.26
1077,22-01-2018 16:50,3274.000244,26.22190303,45,41,87,29.29
1078,22-01-2018 17:20,3046.609294,24.37412328,45,43,93,29.29
1079,22-01-2018 17:50,3054.495036,24.2587125,46,43,87,29.32
1080,22-01-2018 18:20,2691.359945,22.78825239,45,41,87,29.32
1081,22-01-2018 18:50,3558.509684,31.01045369,45,41,87,29.32
1082,22-01-2018 19:20,2930.506348,27.63795302,45,41,87,29.32
1083,22-01-2018 19:50,2277.214925,26.99507797,45,41,87,29.34
1084,22-01-2018 20:20,2126.279622,26.23695001,43,41,93,29.34
1085,22-01-2018 20:50,2058.35437,24.89188597,43,39,87,29.37
1086,22-01-2018 21:20,2071.138672,24.56982623,43,39,87,29.37
1087,22-01-2018 21:50,973.1491903,24.1518037,43,39,87,29.4
1088,22-01-2018 22:20,0,19.6885483,41,39,93,29.4
1089,22-01-2018 22:50,0,19.00724376,41,37,87,29.43
1090,22-01-2018 23:20,0,18.10955877,41,37,87,29.43
1091,22-01-2018 23:50,0,18.40991349,41,37,87,29.46
1092,23-01-2018 00:20,230.7240295,26.89313479,41,37,87,29.49
1093,23-01-2018 00:50,370.6233012,31.78403253,41,37,87,29.49
1094,23-01-2018 01:20,980.0042928,30.18062297,41,37,87,29.49
1095,23-01-2018 01:50,1268.162964,31.05851724,41,37,87,29.52
1096,23-01-2018 02:20,1459.310669,30.81247594,41,37,87,29.52
1097,23-01-2018 02:50,1637.962646,31.26590363,48,43,87,30.05
1098,23-01-2018 03:20,1623.603963,30.42487443,48,43,87,30.05
1099,23-01-2018 03:50,1270.956604,25.24512835,39,37,93,29.55
1100,23-01-2018 04:20,41.62713369,18.16833863,39,36,87,29.55
1101,23-01-2018 04:50,0,17.09186502,39,36,87,29.55
1102,23-01-2018 05:20,0,18.38086169,39,36,87,29.55
1103,23-01-2018 05:50,0,17.46569919,39,36,87,29.58
1104,23-01-2018 05:50,0,17.46569919,39,36,87,29.61
1105,23-01-2018 06:20,0,17.79109046,39,36,87,29.58
1106,23-01-2018 06:20,0,17.79109046,39,36,87,29.61
1107,23-01-2018 06:50,0,16.08031414,39,34,81,29.64
1108,23-01-2018 07:20,0,17.99800254,39,34,81,29.64
1109,23-01-2018 07:50,11.90517298,18.57786205,39,34,81,29.67
1110,23-01-2018 08:20,184.6320343,23.09410964,39,34,81,29.67
1111,23-01-2018 08:50,179.5956294,21.15081081,39,34,81,29.67
1112,23-01-2018 09:20,228.0674947,21.04172389,39,34,81,29.67
1113,23-01-2018 09:50,176.4985657,19.0798617,39,34,81,29.7
1114,23-01-2018 10:20,34.38003222,14.03789524,41,34,76,29.7
1115,23-01-2018 10:50,120.8818504,17.61948646,41,34,76,29.72
1116,23-01-2018 11:20,146.4081392,18.78542479,41,34,76,29.72
1117,23-01-2018 11:50,292.9537354,20.39992829,41,34,76,29.72
1118,23-01-2018 12:20,270.0209656,19.06066616,41,32,70,29.72
1119,23-01-2018 12:50,298.1667938,19.00268344,41,34,76,29.72
1120,23-01-2018 13:20,347.8976339,20.65196277,39,34,81,29.75
1121,23-01-2018 13:50,325.2096761,18.8874405,41,36,81,29.75
1122,23-01-2018 14:20,395.7417806,19.79660057,41,32,70,29.75
1123,23-01-2018 14:50,319.0083669,17.98353939,41,34,76,29.75
1124,23-01-2018 15:20,378.9393717,19.20486527,39,34,81,29.75
1125,23-01-2018 15:50,373.7265727,18.70931781,41,32,70,29.78
1126,23-01-2018 16:20,125.8147329,15.312886,39,32,75,29.78
1127,23-01-2018 16:50,370.9822998,18.03394316,39,30,70,29.81
1128,23-01-2018 17:20,316.6973674,17.57223573,39,30,70,29.81
1129,23-01-2018 17:50,217.9865316,15.88459768,39,30,70,29.84
1130,23-01-2018 18:20,332.8420258,17.54981924,39,28,65,29.84
1131,23-01-2018 18:50,421.2057393,18.30508786,39,30,70,29.84
1132,23-01-2018 19:20,593.1119792,20.25627246,39,30,70,29.87
1133,23-01-2018 19:50,739.3667603,22.01265615,39,30,70,29.87
1134,23-01-2018 20:20,774.3777466,22.72217873,39,30,70,29.87
1135,23-01-2018 20:50,581.5665894,19.89986639,39,30,70,29.87
1136,23-01-2018 21:20,730.7401733,20.93913575,39,30,70,29.9
1137,23-01-2018 21:50,582.4003092,18.77312483,39,30,70,29.9
1138,23-01-2018 22:20,583.2259928,18.87672771,39,28,65,29.9
1139,23-01-2018 22:50,746.3521118,20.25166664,39,28,65,29.9
1140,23-01-2018 23:20,759.7475789,20.44347026,39,28,65,29.9
1141,23-01-2018 23:50,778.5284627,20.25824933,39,28,65,29.93
1142,24-01-2018 00:20,945.5552165,21.07913295,39,28,65,29.93
1143,24-01-2018 00:50,958.3941243,21.19233431,37,27,65,29.93
1144,24-01-2018 01:20,0,19.10817858,37,27,65,29.93
1145,24-01-2018 01:50,0,16.37842746,37,27,65,29.93
1146,24-01-2018 02:20,0,17.77224193,37,25,60,29.93
1147,24-01-2018 02:50,0,19.0571974,48,43,87,30.05
1148,24-01-2018 03:20,72.52276611,21.06124654,48,43,87,30.05
1149,24-01-2018 03:50,0,21.52058209,37,27,65,29.96
1150,24-01-2018 04:20,31.00316234,21.48844232,37,27,65,29.96
1151,24-01-2018 04:50,0,20.45640488,37,28,70,29.93
1152,24-01-2018 05:20,0,20.9076886,37,28,70,29.93
1153,24-01-2018 05:50,0,22.07595437,37,28,70,29.96
1154,24-01-2018 05:50,0,22.07595437,37,28,70,29.96
1155,24-01-2018 06:20,61.31716919,22.55048407,37,28,70,29.96
1156,24-01-2018 06:20,61.31716919,22.55048407,37,28,70,29.96
1157,24-01-2018 06:50,0,19.28287978,37,28,70,29.96
1158,24-01-2018 07:20,0,21.66447471,37,28,70,29.99
1159,24-01-2018 07:50,0,20.72328296,37,30,75,29.99
1160,24-01-2018 08:20,0,21.91274745,37,28,70,29.99
1161,24-01-2018 08:50,0,22.15672299,37,30,75,30.02
1162,24-01-2018 09:20,0,23.09694693,37,30,75,30.02
1163,24-01-2018 09:50,0,21.76569326,37,30,75,30.02
1164,24-01-2018 10:20,0,22.2963497,39,30,70,30.05
1165,24-01-2018 10:50,0,22.1285718,37,32,81,30.05
1166,24-01-2018 11:20,0,22.16310515,39,32,75,30.05
1167,24-01-2018 11:50,0,21.29440477,34,32,93,30.05
1168,24-01-2018 12:20,0,21.83616652,36,34,93,30.05
1169,24-01-2018 12:50,0,22.20359755,37,34,87,30.05
1170,24-01-2018 13:20,0,23.63967649,39,34,81,30.05
1171,24-01-2018 13:50,0,22.67379664,41,32,70,30.02
1172,24-01-2018 14:20,0,23.67082926,41,34,76,30.02
1173,24-01-2018 14:50,0,23.16025654,39,32,75,30.02
1174,24-01-2018 15:20,0,25.01710216,37,30,75,30.02
1175,24-01-2018 15:50,0,22.10069368,41,28,61,30.05
1176,24-01-2018 16:20,0,22.59350658,39,30,70,30.05
1177,24-01-2018 16:50,0,22.00413144,37,30,75,30.05
1178,24-01-2018 17:20,0,25.06871552,37,27,65,30.05
1179,24-01-2018 17:50,0,23.30037249,37,28,70,30.05
1180,24-01-2018 18:20,0,22.16311511,37,30,75,30.07
1181,24-01-2018 18:50,0,25.05756113,36,30,81,30.07
1182,24-01-2018 19:20,0,21.98683312,36,28,75,30.07
1183,24-01-2018 19:50,0,21.52532444,37,27,65,30.07
1184,24-01-2018 20:20,0,21.26723562,37,27,65,30.07
1185,24-01-2018 20:50,0,23.72301006,36,28,75,30.1
1186,24-01-2018 21:20,0,22.30045775,36,25,65,30.1
1187,24-01-2018 21:50,0,22.41136012,36,23,60,30.1
1188,24-01-2018 22:20,0,22.03123232,36,25,65,30.1
1189,24-01-2018 22:50,0,22.25975202,36,23,60,30.1
1190,24-01-2018 23:20,0,21.62194855,37,23,56,30.07
1191,24-01-2018 23:50,0,22.63229232,36,23,60,30.07
1192,25-01-2018 00:20,0,24.33147197,36,21,56,30.07
1193,25-01-2018 00:50,0,23.6795161,37,21,52,30.07
1194,25-01-2018 01:20,0,25.04653261,37,21,52,30.07
1195,25-01-2018 01:50,0,24.21239972,37,21,52,30.05
1196,25-01-2018 02:20,0,25.08678252,37,21,52,30.05
1197,25-01-2018 02:50,0,20.458679,48,43,87,30.05
1198,25-01-2018 03:20,0,18.94306768,48,43,87,30.05
1199,25-01-2018 03:50,0,19.57941445,37,23,56,30.07
1200,25-01-2018 04:20,0,18.08897977,37,23,56,30.07
1201,25-01-2018 04:50,0,23.06345179,37,21,52,30.05
1202,25-01-2018 05:20,0,23.57407999,37,23,56,30.05
1203,25-01-2018 05:50,0,24.19194765,37,19,48,30.05
1204,25-01-2018 05:50,0,24.19194765,37,23,56,30.05
1205,25-01-2018 06:20,0,22.3146265,37,19,48,30.05
1206,25-01-2018 06:20,0,22.3146265,37,23,56,30.05
1207,25-01-2018 06:50,0,20.65695614,37,23,56,30.05
1208,25-01-2018 07:20,0,21.81136179,37,21,52,30.05
1209,25-01-2018 07:50,0,22.53036266,37,19,48,30.05
1210,25-01-2018 08:20,0,23.7242538,37,19,48,30.05
1211,25-01-2018 08:50,0,22.75390393,37,21,52,30.05
1212,25-01-2018 09:20,0,24.1078532,37,23,56,30.05
1213,25-01-2018 09:50,0,20.62952388,37,25,60,30.05
1214,25-01-2018 10:20,0,20.31456878,37,21,52,30.05
1215,25-01-2018 10:50,0,21.68114654,41,19,42,30.05
1216,25-01-2018 11:20,0,20.40696182,39,23,52,30.05
1217,25-01-2018 11:50,0,20.46529795,41,19,42,30.05
1218,25-01-2018 12:20,0,20.22494549,39,21,49,30.02
1219,25-01-2018 12:50,0,21.74729984,39,23,52,30.02
1220,25-01-2018 13:20,0,20.21432301,39,21,49,30.02
1221,25-01-2018 13:50,0,22.65751803,41,23,49,29.99
1222,25-01-2018 14:20,0,22.41286055,39,21,49,29.99
1223,25-01-2018 14:50,0,21.29099787,41,23,49,29.99
1224,25-01-2018 15:20,0,20.880043,41,21,45,29.99
1225,25-01-2018 15:50,0,20.17015563,39,21,49,29.99
1226,25-01-2018 16:20,0,19.36316699,39,21,49,29.99
1227,25-01-2018 16:50,0,18.53503154,39,21,49,29.99
1228,25-01-2018 17:20,0,20.16074274,37,23,56,29.99
1229,25-01-2018 17:50,0,19.62248033,37,25,60,29.96
1230,25-01-2018 18:20,0,18.31094344,37,25,60,29.96
1231,25-01-2018 18:50,0,16.37052211,37,25,60,29.96
1232,25-01-2018 19:20,0,18.07894538,37,27,65,29.96
1233,25-01-2018 19:50,0,20.04390799,37,27,65,29.99
1234,25-01-2018 20:20,0,18.91780251,34,30,87,29.99
1235,25-01-2018 20:50,0,19.88478601,36,32,87,29.99
1236,25-01-2018 21:20,0,21.00455377,34,32,93,29.99
1237,25-01-2018 21:50,0,18.07879961,34,32,93,29.99
1238,25-01-2018 22:20,0,17.62394189,34,32,93,29.99
1239,25-01-2018 22:50,0,18.3383974,34,32,93,29.99
1240,25-01-2018 23:20,0,19.90593637,34,30,87,29.99
1241,25-01-2018 23:50,0,19.35079093,34,27,75,29.96
1242,26-01-2018 00:20,0,18.82091102,34,25,70,29.96
1243,26-01-2018 00:50,0,19.61784465,34,23,65,29.96
1244,26-01-2018 01:20,0,18.21539595,34,23,65,29.96
1245,26-01-2018 01:50,0,20.66056571,34,23,65,29.96
1246,26-01-2018 02:20,0,19.03571067,34,23,65,29.96
1247,26-01-2018 02:50,725.9399821,17.62862415,48,43,87,30.05
1248,26-01-2018 03:20,3.839716593,17.84329616,48,43,87,30.05
1249,26-01-2018 03:50,1689.554321,19.61598156,34,23,65,29.96
1250,26-01-2018 04:20,2082.265584,22.7879068,34,23,65,29.96
1251,26-01-2018 04:50,381.4709117,22.22955427,34,23,65,29.96
1252,26-01-2018 05:20,838.9996745,21.38496672,34,23,65,29.96
1253,26-01-2018 05:50,64.99186707,21.01746244,34,23,65,29.96
1254,26-01-2018 05:50,64.99186707,21.01746244,34,23,65,29.96
1255,26-01-2018 06:20,1564.5,22.78423963,34,23,65,29.96
1256,26-01-2018 06:20,1564.5,22.78423963,34,23,65,29.96
1257,26-01-2018 06:50,1309.812638,16.92796292,36,23,60,29.96
1258,26-01-2018 07:20,1309.812638,16.92796292,36,25,65,29.96
1259,26-01-2018 07:50,1309.812638,16.92796292,36,25,65,29.96
1260,26-01-2018 08:20,1309.812638,16.92796292,36,25,65,29.96
1261,26-01-2018 08:50,1309.812638,16.92796292,37,25,60,29.96
1262,26-01-2018 09:20,1309.812638,16.92796292,37,27,65,29.96
1263,26-01-2018 09:50,1309.812638,16.92796292,36,27,70,29.99
1264,26-01-2018 10:20,1309.812638,16.92796292,37,28,70,29.99
1265,26-01-2018 10:50,1309.812638,16.92796292,36,32,87,29.99
1266,26-01-2018 11:20,1309.812638,16.92796292,37,30,75,29.99
1267,26-01-2018 11:50,1309.812638,16.92796292,39,30,70,29.99
1268,26-01-2018 12:20,1309.812638,16.92796292,39,27,61,29.96
1269,26-01-2018 12:50,1309.812638,16.92796292,39,25,56,29.96
1270,26-01-2018 13:20,1309.812638,16.92796292,41,25,53,29.96
1271,26-01-2018 13:50,1309.812638,16.92796292,41,25,53,29.96
1272,26-01-2018 14:20,1309.812638,16.92796292,41,25,53,29.96
1273,26-01-2018 14:50,1309.812638,16.92796292,41,25,53,29.96
1274,26-01-2018 15:20,1309.812638,16.92796292,39,27,61,29.96
1275,26-01-2018 15:50,1309.812638,16.92796292,39,25,56,29.96
1276,26-01-2018 16:20,1309.812638,16.92796292,39,23,52,29.96
1277,26-01-2018 16:50,1309.812638,16.92796292,39,23,52,29.96
1278,26-01-2018 17:20,1309.812638,16.92796292,39,23,52,29.99
1279,26-01-2018 17:50,1309.812638,16.92796292,39,27,61,29.99
1280,26-01-2018 18:20,1309.812638,16.92796292,37,27,65,29.99
1281,26-01-2018 18:50,1309.812638,16.92796292,36,32,87,30.02
1282,26-01-2018 19:20,1309.812638,16.92796292,36,32,87,30.02
1283,26-01-2018 19:50,1309.812638,16.92796292,36,32,87,30.02
1284,26-01-2018 20:20,1309.812638,16.92796292,36,30,81,30.02
1285,26-01-2018 20:50,1309.812638,16.92796292,36,32,87,30.02
1286,26-01-2018 21:20,1309.812638,16.92796292,36,32,87,30.02
1287,26-01-2018 21:50,1309.812638,16.92796292,36,30,81,30.02
1288,26-01-2018 22:20,1309.812638,16.92796292,36,30,81,30.02
1289,26-01-2018 22:50,1309.812638,16.92796292,36,30,81,30.02
1290,26-01-2018 23:20,1309.812638,16.92796292,36,30,81,30.05
1291,26-01-2018 23:50,1309.812638,16.92796292,36,30,81,30.05
1292,27-01-2018 00:20,1309.812638,16.92796292,36,30,81,30.05
1293,27-01-2018 00:50,1309.812638,16.92796292,36,30,81,30.05
1294,27-01-2018 01:20,1309.812638,16.92796292,36,30,81,30.05
1295,27-01-2018 01:50,1309.812638,16.92796292,36,30,81,30.05
1296,27-01-2018 02:20,1309.812638,16.92796292,36,30,81,30.05
1297,27-01-2018 02:50,1309.812638,16.92796292,48,43,87,30.05
1298,27-01-2018 03:20,1309.812638,16.92796292,48,43,87,30.05
1299,27-01-2018 03:50,1309.812638,16.92796292,36,30,81,30.05
1300,27-01-2018 04:20,1309.812638,16.92796292,36,30,81,30.05
1301,27-01-2018 04:50,1309.812638,16.92796292,36,30,81,30.05
1302,27-01-2018 05:20,1309.812638,16.92796292,36,30,81,30.05
1303,27-01-2018 05:50,1309.812638,16.92796292,36,30,81,30.05
1304,27-01-2018 05:50,1309.812638,16.92796292,36,30,81,30.05
1305,27-01-2018 06:20,1309.812638,16.92796292,36,30,81,30.05
1306,27-01-2018 06:20,1309.812638,16.92796292,36,30,81,30.07
1307,27-01-2018 06:50,1309.812638,16.92796292,37,30,75,30.07
1308,27-01-2018 07:20,1309.812638,16.92796292,37,30,75,30.07
1309,27-01-2018 07:50,1309.812638,16.92796292,37,30,75,30.07
1310,27-01-2018 08:20,1309.812638,16.92796292,37,30,75,30.1
1311,27-01-2018 08:50,1309.812638,16.92796292,37,32,81,30.1
1312,27-01-2018 09:20,1309.812638,16.92796292,37,32,81,30.1
1313,27-01-2018 09:50,1309.812638,16.92796292,37,32,81,30.1
1314,27-01-2018 10:20,1309.812638,16.92796292,37,32,81,30.13
1315,27-01-2018 10:50,1309.812638,16.92796292,39,32,75,30.13
1316,27-01-2018 11:20,1309.812638,16.92796292,39,32,75,30.13
1317,27-01-2018 11:50,1309.812638,16.92796292,39,32,75,30.13
1318,27-01-2018 12:20,1309.812638,16.92796292,39,32,75,30.13
1319,27-01-2018 12:50,1309.812638,16.92796292,39,32,75,30.1
1320,27-01-2018 13:20,1309.812638,16.92796292,39,32,75,30.1
1321,27-01-2018 13:50,1309.812638,16.92796292,39,32,75,30.1
1322,27-01-2018 14:20,1309.812638,16.92796292,41,32,70,30.1
1323,27-01-2018 14:50,1309.812638,16.92796292,41,32,70,30.1
1324,27-01-2018 15:20,1309.812638,16.92796292,41,32,70,30.1
1325,27-01-2018 15:50,1309.812638,16.92796292,41,32,70,30.1
1326,27-01-2018 16:20,1309.812638,16.92796292,41,32,70,30.13
1327,27-01-2018 16:50,1309.812638,16.92796292,39,32,75,30.13
1328,27-01-2018 17:20,1309.812638,16.92796292,39,32,75,30.13
1329,27-01-2018 17:50,1309.812638,16.92796292,39,32,75,30.13
1330,27-01-2018 18:20,1309.812638,16.92796292,39,32,75,30.13
1331,27-01-2018 18:50,1309.812638,16.92796292,39,32,75,30.13
1332,27-01-2018 19:20,1309.812638,16.92796292,39,32,75,30.16
1333,27-01-2018 19:50,1309.812638,16.92796292,41,32,70,30.16
1334,27-01-2018 20:20,1309.812638,16.92796292,39,32,75,30.16
1335,27-01-2018 20:50,1309.812638,16.92796292,39,30,70,30.16
1336,27-01-2018 21:20,1309.812638,16.92796292,39,30,70,30.16
1337,27-01-2018 21:50,1309.812638,16.92796292,37,30,75,30.16
1338,27-01-2018 22:20,1309.812638,16.92796292,37,30,75,30.16
1339,27-01-2018 22:50,1309.812638,16.92796292,37,30,75,30.16
1340,27-01-2018 23:20,1309.812638,16.92796292,37,30,75,30.16
1341,27-01-2018 23:50,1309.812638,16.92796292,36,30,81,30.16
1342,28-01-2018 00:20,1309.812638,16.92796292,34,30,87,30.16
1343,28-01-2018 00:50,1309.812638,16.92796292,36,30,81,30.16
1344,28-01-2018 01:20,1309.812638,16.92796292,34,30,87,30.16
1345,28-01-2018 01:50,1309.812638,16.92796292,34,30,87,30.16
1346,28-01-2018 02:20,1309.812638,16.92796292,36,28,75,30.16
1347,28-01-2018 02:50,1309.812638,16.92796292,48,43,87,30.05
1348,28-01-2018 03:20,1309.812638,16.92796292,48,43,87,30.05
1349,28-01-2018 03:50,1309.812638,16.92796292,34,30,87,30.16
1350,28-01-2018 04:20,1309.812638,16.92796292,34,28,81,30.16
1351,28-01-2018 04:50,1309.812638,16.92796292,34,28,81,30.16
1352,28-01-2018 05:20,1309.812638,16.92796292,34,28,81,30.13
1353,28-01-2018 05:50,1309.812638,16.92796292,32,28,87,30.13
1354,28-01-2018 05:50,1309.812638,16.92796292,34,28,81,30.13
1355,28-01-2018 06:20,1309.812638,16.92796292,32,28,87,30.13
1356,28-01-2018 06:20,1309.812638,16.92796292,32,28,87,30.13
1357,28-01-2018 06:50,1309.812638,16.92796292,34,28,81,30.16
1358,28-01-2018 07:20,1309.812638,16.92796292,34,28,81,30.16
1359,28-01-2018 07:50,1309.812638,16.92796292,32,28,87,30.16
1360,28-01-2018 08:20,1309.812638,16.92796292,36,30,81,30.16
1361,28-01-2018 08:50,1309.812638,16.92796292,36,30,81,30.16
1362,28-01-2018 09:20,1309.812638,16.92796292,37,30,75,30.16
1363,28-01-2018 09:50,1309.812638,16.92796292,39,30,70,30.16
1364,28-01-2018 10:20,1309.812638,16.92796292,41,30,65,30.16
1365,28-01-2018 10:50,1309.812638,16.92796292,43,32,66,30.16
1366,28-01-2018 11:20,1309.812638,16.92796292,45,32,61,30.16
1367,28-01-2018 11:50,1309.812638,16.92796292,45,32,61,30.16
1368,28-01-2018 12:20,1309.812638,16.92796292,45,32,61,30.16
1369,28-01-2018 12:50,1309.812638,16.92796292,46,32,57,30.13
1370,28-01-2018 13:20,1309.812638,16.92796292,46,32,57,30.13
1371,28-01-2018 13:50,1309.812638,16.92796292,46,32,57,30.13
1372,28-01-2018 14:20,1309.812638,16.92796292,46,34,62,30.13
1373,28-01-2018 14:50,1309.812638,16.92796292,46,34,62,30.1
1374,28-01-2018 15:20,1309.812638,16.92796292,46,34,62,30.1
1375,28-01-2018 15:50,1309.812638,16.92796292,45,36,71,30.1
1376,28-01-2018 16:20,1309.812638,16.92796292,45,36,71,30.1
1377,28-01-2018 16:50,1309.812638,16.92796292,43,36,76,30.1
1378,28-01-2018 17:20,1309.812638,16.92796292,43,34,70,30.1
1379,28-01-2018 17:50,1309.812638,16.92796292,43,36,76,30.1
1380,28-01-2018 18:20,1309.812638,16.92796292,41,37,87,30.1
1381,28-01-2018 18:50,1309.812638,16.92796292,41,36,81,30.1
1382,28-01-2018 19:20,1309.812638,16.92796292,41,37,87,30.1
1383,28-01-2018 19:50,1309.812638,16.92796292,39,36,87,30.1
1384,28-01-2018 20:20,1309.812638,16.92796292,39,36,87,30.1
1385,28-01-2018 20:50,1309.812638,16.92796292,37,36,93,30.1
1386,28-01-2018 21:20,1309.812638,16.92796292,37,36,93,30.1
1387,28-01-2018 21:50,1309.812638,16.92796292,39,36,87,30.1
1388,28-01-2018 22:20,1309.812638,16.92796292,37,36,93,30.1
1389,28-01-2018 22:50,1309.812638,16.92796292,37,34,87,30.07
1390,28-01-2018 23:20,1309.812638,16.92796292,37,34,87,30.1
1391,28-01-2018 23:50,1309.812638,16.92796292,37,36,93,30.1
1392,29-01-2018 00:20,1309.812638,16.92796292,36,34,93,30.07
1393,29-01-2018 00:50,1309.812638,16.92796292,34,32,93,30.07
1394,29-01-2018 01:20,1309.812638,16.92796292,34,32,93,30.07
1395,29-01-2018 01:50,1309.812638,16.92796292,32,30,93,30.07
1396,29-01-2018 02:20,1309.812638,16.92796292,34,32,93,30.07
1397,29-01-2018 02:50,1309.812638,16.92796292,48,43,87,30.05
1398,29-01-2018 03:20,1309.812638,16.92796292,48,43,87,30.05
1399,29-01-2018 03:50,1309.812638,16.92796292,36,34,93,30.07
1400,29-01-2018 04:20,1309.812638,16.92796292,36,34,93,30.07
1401,29-01-2018 04:50,1309.812638,16.92796292,32,30,93,30.07
1402,29-01-2018 05:20,1309.812638,16.92796292,32,30,93,30.07
1403,29-01-2018 05:50,1309.812638,16.92796292,34,32,93,30.07
1404,29-01-2018 05:50,1309.812638,16.92796292,34,32,93,30.05
1405,29-01-2018 06:20,1309.812638,16.92796292,32,30,93,30.07
1406,29-01-2018 06:20,1309.812638,16.92796292,36,34,93,30.05
1407,29-01-2018 06:50,1309.812638,16.92796292,36,36,100,30.05
1408,29-01-2018 07:20,1309.812638,16.92796292,36,34,93,30.05
1409,29-01-2018 07:50,1309.812638,16.92796292,37,36,93,30.05
1410,29-01-2018 08:20,1309.812638,16.92796292,37,36,93,30.05
1411,29-01-2018 08:50,1309.812638,16.92796292,39,36,87,30.07
1412,29-01-2018 09:20,1309.812638,16.92796292,41,37,87,30.05
1413,29-01-2018 09:50,1309.812638,16.92796292,43,39,87,30.05
1414,29-01-2018 10:20,1309.812638,16.92796292,43,39,87,30.07
1415,29-01-2018 10:50,1309.812638,16.92796292,45,37,76,30.07
1416,29-01-2018 11:20,1309.812638,16.92796292,45,37,76,30.07
1417,29-01-2018 11:50,1309.812638,16.92796292,45,37,76,30.07
1418,29-01-2018 12:20,1309.812638,16.92796292,46,39,76,30.05
1419,29-01-2018 12:50,1309.812638,16.92796292,46,39,76,30.05
1420,29-01-2018 13:20,1309.812638,16.92796292,46,39,76,30.05
1421,29-01-2018 13:50,1309.812638,16.92796292,46,39,76,30.02
1422,29-01-2018 14:20,1309.812638,16.92796292,48,37,66,30.02
1423,29-01-2018 14:50,1309.812638,16.92796292,48,36,62,30.02
1424,29-01-2018 15:20,1309.812638,16.92796292,48,36,62,30.02
1425,29-01-2018 15:50,1309.812638,16.92796292,48,34,57,30.02
1426,29-01-2018 16:20,1309.812638,16.92796292,48,37,66,29.99
1427,29-01-2018 16:50,1309.812638,16.92796292,46,39,76,29.99
1428,29-01-2018 17:20,1309.812638,16.92796292,45,39,81,29.99
1429,29-01-2018 17:50,1309.812638,16.92796292,45,37,76,29.99
1430,29-01-2018 18:20,1309.812638,16.92796292,43,37,81,29.99
1431,29-01-2018 18:50,1309.812638,16.92796292,41,37,87,29.99
1432,29-01-2018 19:20,1309.812638,16.92796292,43,39,87,29.99
1433,29-01-2018 19:50,1309.812638,16.92796292,43,39,87,29.99
1434,29-01-2018 20:20,1309.812638,16.92796292,43,39,87,29.99
1435,29-01-2018 20:50,1309.812638,16.92796292,41,37,87,29.99
1436,29-01-2018 21:20,1309.812638,16.92796292,41,39,93,29.99
1437,29-01-2018 21:50,1309.812638,16.92796292,41,37,87,29.99
1438,29-01-2018 22:20,1309.812638,16.92796292,41,37,87,29.99
1439,29-01-2018 22:50,1309.812638,16.92796292,41,37,87,29.99
1440,29-01-2018 23:20,1309.812638,16.92796292,39,37,93,29.99
1441,29-01-2018 23:50,1309.812638,16.92796292,39,37,93,29.96
1442,30-01-2018 00:20,1309.812638,16.92796292,41,39,93,29.96
1443,30-01-2018 00:50,1309.812638,16.92796292,39,37,93,29.96
1444,30-01-2018 01:20,1309.812638,16.92796292,39,37,93,29.96
1445,30-01-2018 01:50,1309.812638,16.92796292,37,36,93,29.96
1446,30-01-2018 02:20,1309.812638,16.92796292,39,36,87,29.96
1447,30-01-2018 02:50,1309.812638,16.92796292,48,43,87,30.05
1448,30-01-2018 03:20,1309.812638,16.92796292,48,43,87,30.05
1449,30-01-2018 03:50,1309.812638,16.92796292,37,34,87,29.93
1450,30-01-2018 04:20,1309.812638,16.92796292,39,36,87,29.93
1451,30-01-2018 04:50,1309.812638,16.92796292,37,36,93,29.93
1452,30-01-2018 05:20,1309.812638,16.92796292,37,36,93,29.93
1453,30-01-2018 05:50,1309.812638,16.92796292,39,36,87,29.93
1454,30-01-2018 05:50,1309.812638,16.92796292,39,36,87,29.9
1455,30-01-2018 06:20,1309.812638,16.92796292,39,36,87,29.93
1456,30-01-2018 06:20,1309.812638,16.92796292,39,36,87,29.9
1457,30-01-2018 06:50,1309.812638,16.92796292,39,36,87,29.9
1458,30-01-2018 07:20,1309.812638,16.92796292,39,36,87,29.9
1459,30-01-2018 07:50,1309.812638,16.92796292,39,36,87,29.9
1460,30-01-2018 08:20,1309.812638,16.92796292,39,37,93,29.9
1461,30-01-2018 08:50,1309.812638,16.92796292,43,37,81,29.9
1462,30-01-2018 09:20,1309.812638,16.92796292,45,37,76,29.9
1463,30-01-2018 09:50,1309.812638,16.92796292,46,36,66,29.9
1464,30-01-2018 10:20,1309.812638,16.92796292,48,37,66,29.9
1465,30-01-2018 10:50,1309.812638,16.92796292,50,37,62,29.9
1466,30-01-2018 11:20,1309.812638,16.92796292,52,36,54,29.9
1467,30-01-2018 11:50,1309.812638,16.92796292,54,36,51,29.9
1468,30-01-2018 12:20,1309.812638,16.92796292,54,36,51,29.87
1469,30-01-2018 12:50,1309.812638,16.92796292,55,36,47,29.87
1470,30-01-2018 13:20,1309.812638,16.92796292,55,34,44,29.84
1471,30-01-2018 13:50,1309.812638,16.92796292,55,36,47,29.84
1472,30-01-2018 14:20,1309.812638,16.92796292,55,36,47,29.84
1473,30-01-2018 14:50,436.6042127,21.16139569,55,37,51,29.84
1474,30-01-2018 15:20,0,21.83505364,54,36,51,29.84
1475,30-01-2018 15:50,0,23.94064916,55,36,47,29.84
1476,30-01-2018 16:20,0,27.85328031,55,36,47,29.81
1477,30-01-2018 16:50,0,20.82982626,55,36,47,29.84
1478,30-01-2018 17:20,0,30.4169634,52,36,54,29.84
1479,30-01-2018 17:50,0,28.55008835,50,36,58,29.84
1480,30-01-2018 18:20,0,25.44180765,48,39,71,29.84
1481,30-01-2018 18:50,0,25.11892728,48,41,76,29.84
1482,30-01-2018 19:20,0,25.19554235,48,41,76,29.84
1483,30-01-2018 19:50,0,22.11908781,46,41,81,29.87
1484,30-01-2018 20:20,0,21.18641224,46,41,81,29.84
1485,30-01-2018 20:50,0,19.10443746,48,41,76,29.87
1486,30-01-2018 21:20,530.6140747,14.55134936,48,39,71,29.87
1487,30-01-2018 21:50,1103.01298,16.2336936,46,39,76,29.87
1488,30-01-2018 22:20,1254.758341,16.95149983,46,39,76,29.87
1489,30-01-2018 22:50,1683.134359,18.92451853,48,39,71,29.87
1490,30-01-2018 23:20,1262.977437,16.90998024,46,41,81,29.9
1491,30-01-2018 23:50,922.9234212,15.2484717,48,41,76,29.9
1492,31-01-2018 00:20,950.0994059,15.30933012,48,43,82,29.9
1493,31-01-2018 00:50,325.4926046,11.48658075,48,43,82,29.9
1494,31-01-2018 01:20,293.719696,11.29268151,46,43,87,29.9
1495,31-01-2018 01:50,136.4465001,9.539186681,46,43,87,29.9
1496,31-01-2018 02:20,50.46276093,7.240801777,45,41,87,29.93
1497,31-01-2018 02:50,0,4.375876704,48,43,87,30.05
1498,31-01-2018 03:20,0,2.557080254,48,43,87,30.05
1499,31-01-2018 03:50,0,3.555865972,43,41,93,29.93
1500,31-01-2018 04:20,0,1.387292117,41,39,93,29.93
1501,31-01-2018 04:50,0,1.872426229,41,39,93,29.93
1502,31-01-2018 05:20,0,4.085144647,43,41,93,29.9
1503,31-01-2018 05:50,0,5.246448977,41,39,93,29.9
1504,31-01-2018 05:50,0,5.246448977,39,37,93,29.9
1505,31-01-2018 06:20,0,6.579471433,41,39,93,29.9
1506,31-01-2018 06:20,0,6.579471433,39,37,93,29.9
1507,31-01-2018 06:50,0,6.836849864,41,37,87,29.9
1508,31-01-2018 07:20,0,4.527103563,39,37,93,29.93
1509,31-01-2018 07:50,0,5.582312054,39,37,93,29.93
1510,31-01-2018 08:20,0,6.345516415,39,37,93,29.93
1511,31-01-2018 08:50,0,5.934947143,41,39,93,29.93
1512,31-01-2018 09:20,0,6.550413587,43,41,93,29.96
1513,31-01-2018 09:50,0,5.875814218,46,43,87,29.96
1514,31-01-2018 10:20,0,6.371405224,46,43,87,29.96
1515,31-01-2018 10:50,0,5.420073661,48,43,82,29.96
1516,31-01-2018 11:20,0,4.607758676,50,41,71,29.96
1517,31-01-2018 11:50,0,4.923791371,50,41,71,29.96
1518,31-01-2018 12:20,0,5.550072552,52,41,67,29.96
1519,31-01-2018 12:50,0,6.246944945,54,41,62,29.93
1520,31-01-2018 13:20,0,5.90930882,54,43,67,29.93
1521,31-01-2018 13:50,0,6.903672492,54,43,67,29.93
1522,31-01-2018 14:20,29.03971291,8.546739791,55,43,63,29.9
1523,31-01-2018 14:50,4.22366794,6.721843003,54,43,67,29.9
1524,31-01-2018 15:20,0,6.250101359,54,45,72,29.9
1525,31-01-2018 15:50,0,6.445955242,52,43,71,29.9
1526,31-01-2018 16:20,0,6.316604878,52,43,71,29.9
1527,31-01-2018 16:50,0,7.229770598,52,43,71,29.9
1528,31-01-2018 17:20,22.30404758,7.306442728,50,43,76,29.9
1529,31-01-2018 17:50,10.35495313,7.748818262,50,34,54,29.9
1530,31-01-2018 18:20,339.0581309,11.8995619,48,32,54,29.87
1531,31-01-2018 18:50,386.6992594,12.54876615,46,32,57,29.87
1532,31-01-2018 19:20,249.8790334,10.96210523,46,32,57,29.87
1533,31-01-2018 19:50,161.0139364,9.802873318,45,30,57,29.87
1534,31-01-2018 20:20,101.6815821,9.12252627,45,30,57,29.87
1535,31-01-2018 20:50,86.22360229,9.08754315,45,30,57,29.87
1536,31-01-2018 21:20,272.4906413,11.24566046,43,30,61,29.87
1537,31-01-2018 21:50,799.0178426,15.05477477,45,30,57,29.87
1538,31-01-2018 22:20,903.1051229,15.56329845,43,30,61,29.87
1539,31-01-2018 22:50,758.7287598,14.77664846,43,28,57,29.87
1540,31-01-2018 23:20,1036.66333,16.20547237,43,30,61,29.87
1541,31-01-2018 23:50,894.8650716,15.40790941,41,30,65,29.87
